Date,Open,High,Low,Close,Volume,MA_Fast,MA_Slow,Signal,Crossover
2025-01-28 00:00:00+05:30,1650.0,1663.0,1591.45,1591.45,930290,1591.45,1591.45,0,
2025-01-29 00:00:00+05:30,1560.0,1666.95,1550.05,1641.35,885725,1600.5227272727273,1596.202380952381,1,1.0
2025-01-30 00:00:00+05:30,1643.5,1723.4,1643.5,1713.9,203031,1621.1367768595042,1607.4116780045354,1,0.0
2025-01-31 00:00:00+05:30,1758.0,1798.35,1723.5,1787.5,428529,1651.3846356123215,1624.562946766008,1,0.0
2025-02-01 00:00:00+05:30,1741.05,1807.8,1698.15,1700.0,147638,1660.2237927737174,1631.7474280263882,1,0.0
2025-02-03 00:00:00+05:30,1651.2,1696.15,1632.0,1645.7,515863,1657.583103178496,1633.0762444048275,1,0.0
2025-02-04 00:00:00+05:30,1644.0,1705.7,1582.55,1646.95,452330,1655.6498116914968,1634.3975544615105,1,0.0
2025-02-05 00:00:00+05:30,1655.7,1729.25,1645.05,1710.25,382696,1665.5771186566792,1641.6215968937474,1,0.0
2025-02-06 00:00:00+05:30,1745.0,1765.0,1652.5,1719.95,506255,1675.4630970827375,1649.0814448086285,1,0.0
2025-02-07 00:00:00+05:30,1719.5,1719.5,1682.0,1695.65,678541,1679.133443067694,1653.5165453030447,1,0.0
2025-02-10 00:00:00+05:30,1716.0,1719.65,1645.25,1655.35,115436,1674.8091806917496,1653.6911600360881,1,0.0
2025-02-11 00:00:00+05:30,1653.0,1682.0,1582.6,1608.7,278663,1662.789329656886,1649.4062876516987,1,0.0
2025-02-12 00:00:00+05:30,1607.0,1607.0,1528.3,1538.0,567729,1640.1003606283612,1638.7961650182037,1,0.0
2025-02-13 00:00:00+05:30,1551.7,1601.1,1515.2,1552.0,480618,1624.0821132413864,1630.5298635878987,-1,-2.0
2025-02-14 00:00:00+05:30,1579.8,1579.8,1474.4,1474.8,376626,1596.9399108338616,1615.6984480080987,-1,0.0
2025-02-17 00:00:00+05:30,1428.0,1488.0,1401.1,1448.05,809446,1569.8690179549776,1599.7319291501844,-1,0.0
2025-02-18 00:00:00+05:30,1420.0,1448.05,1375.65,1416.1,977993,1541.911014690436,1582.243173993024,-1,0.0
2025-02-19 00:00:00+05:30,1390.5,1408.7,1345.3,1374.05,926861,1511.3908302012658,1562.415252660355,-1,0.0
2025-02-20 00:00:00+05:30,1368.0,1442.75,1341.1,1425.45,643066,1495.7652247101266,1549.3709428831785,-1,0.0
2025-02-21 00:00:00+05:30,1424.0,1444.8,1373.0,1416.2,448927,1481.2988202173763,1536.6879959419234,-1,0.0
2025-02-24 00:00:00+05:30,1393.95,1474.9,1377.45,1444.25,300433,1474.5626710869442,1527.884377280788,-1,0.0
2025-02-25 00:00:00+05:30,1469.0,1469.0,1407.35,1434.15,236766,1467.2149127074997,1518.9572937302369,-1,0.0
2025-02-27 00:00:00+05:30,1445.0,1445.0,1366.3,1377.65,426721,1450.9303831243178,1505.499456232119,-1,0.0
2025-02-28 00:00:00+05:30,1395.7,1395.7,1319.85,1338.3,524224,1430.452131647169,1489.5756984957266,-1,0.0
2025-03-03 00:00:00+05:30,1320.0,1348.3,1282.35,1311.85,605717,1408.88810771132,1472.6494414961335,-1,0.0
2025-03-04 00:00:00+05:30,1300.0,1377.4,1273.3,1360.9,334152,1400.1629972183525,1462.0066375441208,-1,0.0
2025-03-05 00:00:00+05:30,1392.5,1415.65,1370.85,1385.25,560464,1397.4515431786522,1454.6964815875378,-1,0.0
2025-03-06 00:00:00+05:30,1398.9,1420.0,1369.05,1389.5,425923,1396.0058080552608,1448.4872928649152,-1,0.0
2025-03-07 00:00:00+05:30,1399.9,1443.85,1365.8,1423.45,673598,1400.9956611361224,1446.1027887825423,-1,0.0
2025-03-10 00:00:00+05:30,1448.0,1483.6,1416.7,1445.1,419584,1409.0146318386455,1446.007285088967,-1,0.0
2025-03-11 00:00:00+05:30,1420.0,1480.0,1400.0,1475.8,381277,1421.1574260498007,1448.8446865090652,-1,0.0
2025-03-12 00:00:00+05:30,1485.0,1499.7,1411.1,1425.6,250219,1421.9651667680187,1446.630906841535,-1,0.0
2025-03-13 00:00:00+05:30,1430.0,1468.8,1404.2,1421.55,171236,1421.889681901106,1444.2422490471033,-1,0.0
2025-03-17 00:00:00+05:30,1421.55,1492.6,1412.6,1482.9,277157,1432.9824670099956,1447.923939614046,-1,0.0
2025-03-18 00:00:00+05:30,1499.0,1537.0,1472.9,1527.1,435554,1450.094745735451,1455.4645167936608,-1,0.0
2025-03-19 00:00:00+05:30,1538.35,1538.35,1478.2,1506.25,271832,1460.304791965369,1460.301229479979,1,2.0
2025-03-20 00:00:00+05:30,1514.45,1565.0,1473.0,1545.35,471555,1475.7675570625747,1468.4011123866476,1,0.0
2025-03-21 00:00:00+05:30,1552.95,1622.6,1526.95,1622.05,987472,1502.3643648693794,1483.0343397783954,1,0.0
2025-03-24 00:00:00+05:30,1638.95,1644.8,1571.45,1593.8,255980,1518.9890258022194,1493.5834502756911,1,0.0
2025-03-25 00:00:00+05:30,1593.8,1626.0,1557.8,1594.0,397082,1532.6273847472703,1503.1469312018157,1,0.0
2025-03-26 00:00:00+05:30,1600.0,1612.15,1517.55,1540.05,236606,1533.9769511568575,1506.6615091825952,1,0.0
2025-03-27 00:00:00+05:30,1520.0,1617.05,1514.45,1606.85,1014261,1547.2265964010653,1516.2032702128242,1,0.0
2025-03-28 00:00:00+05:30,1606.85,1624.7,1531.5,1558.75,461180,1549.3217606917806,1520.255339716365,1,0.0
2025-04-01 00:00:00+05:30,1569.8,1587.55,1480.85,1480.85,370105,1536.8723496569112,1516.5024502195683,1,0.0
2025-04-02 00:00:00+05:30,1480.85,1508.0,1456.0,1496.1,218768,1529.4591951738364,1514.5593597224665,1,0.0
2025-04-03 00:00:00+05:30,1480.0,1485.3,1422.4,1461.35,425204,1517.0757051422297,1509.49180165366,1,0.0
2025-04-04 00:00:00+05:30,1465.0,1482.0,1390.0,1402.5,225260,1496.2437587527334,1499.3021062580733,-1,-2.0
2025-04-07 00:00:00+05:30,1272.0,1343.05,1271.7,1295.55,492681,1459.7539844340545,1479.8971437573045,-1,0.0
2025-04-08 00:00:00+05:30,1312.0,1329.65,1279.3,1304.35,1064151,1431.4987145369537,1463.1783681613708,-1,0.0
2025-04-09 00:00:00+05:30,1308.5,1308.5,1254.0,1296.95,293855,1407.035311893871,1447.347095003145,-1,0.0
2025-04-11 00:00:00+05:30,1314.8,1355.0,1308.0,1333.45,474352,1393.6561642768036,1436.499752621893,-1,0.0
2025-04-15 00:00:00+05:30,1371.7,1404.9,1345.6,1391.0,450016,1393.1732253173848,1432.1664428483796,-1,0.0
2025-04-16 00:00:00+05:30,1391.0,1469.7,1359.1,1461.5,369010,1405.5962752596784,1434.9601149580576,-1,0.0
2025-04-17 00:00:00+05:30,1430.0,1458.8,1389.9,1443.3,440069,1412.4514979397368,1435.7543897239568,-1,0.0
2025-04-21 00:00:00+05:30,1444.0,1521.0,1444.0,1496.2,303232,1427.67849831433,1441.5111145121514,-1,0.0
2025-04-22 00:00:00+05:30,1500.0,1520.0,1480.7,1502.2,213160,1441.227862257179,1447.291008368137,-1,0.0
2025-04-23 00:00:00+05:30,1501.0,1550.0,1492.2,1521.0,127065,1455.731887301328,1454.3109123330764,1,2.0
2025-04-24 00:00:00+05:30,1504.6,1532.6,1493.0,1509.6,352193,1465.5260896101775,1459.5765397299263,1,0.0
2025-04-25 00:00:00+05:30,1500.0,1518.8,1437.1,1479.4,294701,1468.0486187719632,1461.464488327076,1,0.0
2025-04-28 00:00:00+05:30,1489.0,1543.4,1465.8,1535.2,401788,1480.2579608134242,1468.4869180102114,1,0.0
2025-04-29 00:00:00+05:30,1549.0,1572.0,1534.2,1558.2,489155,1494.4292406655288,1477.031021056858,1,0.0
2025-04-30 00:00:00+05:30,1546.0,1610.0,1540.2,1566.1,440321,1507.4602878172507,1485.513780956205,1,0.0
2025-05-02 00:00:00+05:30,1595.5,1595.6,1535.0,1566.6,148161,1518.2129627595687,1493.236278007995,1,0.0
2025-05-05 00:00:00+05:30,1594.0,1611.0,1533.2,1602.9,260685,1533.6106058941925,1503.6804420072335,1,0.0
2025-05-06 00:00:00+05:30,1610.0,1610.0,1519.0,1540.7,227637,1534.899586640703,1507.2061141970207,1,0.0
2025-05-07 00:00:00+05:30,1500.0,1649.0,1500.0,1621.8,485028,1550.699661796939,1518.1198176068283,1,0.0
2025-05-08 00:00:00+05:30,1635.0,1646.0,1580.0,1633.9,347219,1565.8269960156772,1529.1465016442733,1,0.0
2025-05-09 00:00:00+05:30,1600.0,1663.9,1562.1,1653.0,210056,1581.6766331037356,1540.942072916247,1,0.0
2025-05-12 00:00:00+05:30,1682.0,1709.9,1652.0,1682.6,594554,1600.0263361757836,1554.4333040670808,1,0.0
2025-05-13 00:00:00+05:30,1710.0,1714.5,1680.0,1696.4,411455,1617.5488205074594,1567.953941774978,1,0.0
2025-05-14 00:00:00+05:30,1720.0,1784.0,1691.1,1770.4,492975,1645.3399440515577,1587.2345187487895,1,0.0
2025-05-15 00:00:00+05:30,1775.0,1854.0,1730.2,1841.9,926872,1681.0781360421836,1611.4883741060476,1,0.0
2025-05-16 00:00:00+05:30,1860.0,1888.8,1825.2,1861.4,667710,1713.8639294890593,1635.289481334043,1,0.0
2025-05-19 00:00:00+05:30,1888.0,1898.1,1834.2,1841.3,294811,1737.034124127412,1654.909530730801,1,0.0
2025-05-20 00:00:00+05:30,1869.8,1869.8,1755.0,1794.3,371883,1747.4461015587915,1668.1848135183438,1,0.0
2025-05-21 00:00:00+05:30,1807.0,1854.8,1770.6,1844.6,236599,1765.11044672992,1684.98625984993,1,0.0
2025-05-22 00:00:00+05:30,1830.0,1872.0,1805.1,1853.1,295645,1781.10854732448,1700.9970922451748,1,0.0
2025-05-23 00:00:00+05:30,1872.0,1920.0,1855.5,1885.1,449914,1800.0160841745744,1718.5307025075392,1,0.0
2025-05-26 00:00:00+05:30,2050.0,2073.6,2034.8,2073.6,714285,1849.7586143246517,1752.3468260782497,1,0.0
2025-05-27 00:00:00+05:30,2094.6,2257.8,2080.0,2210.5,2414143,1915.347957174715,1795.980461689845,1,0.0
2025-05-28 00:00:00+05:30,2230.5,2281.7,2190.0,2223.6,865197,1971.3937831429485,1836.7061320050977,1,0.0
2025-05-29 00:00:00+05:30,2250.0,2334.7,2230.0,2288.6,1307368,2029.0676407533215,1879.7436432427075,1,0.0
2025-05-30 00:00:00+05:30,2296.0,2310.0,2195.4,2241.4,1659999,2067.6735242527175,1914.1871057910212,1,0.0
2025-06-02 00:00:00+05:30,2252.6,2353.4,2244.0,2299.4,1033694,2109.8056107522234,1950.874048096638,1,0.0
2025-06-03 00:00:00+05:30,2319.8,2373.0,2293.2,2340.1,393716,2151.6773178881826,1987.9431863731486,1,0.0
2025-06-04 00:00:00+05:30,2389.0,2422.0,2319.1,2359.7,600743,2189.499623726695,2023.3485971947534,1,0.0
2025-06-05 00:00:00+05:30,2373.8,2449.0,2350.0,2422.0,715591,2231.7724194127504,2061.31539746192,1,0.0
2025-06-06 00:00:00+05:30,2445.0,2464.0,2300.9,2315.7,518153,2247.031979519523,2085.5425024655465,1,0.0
2025-06-09 00:00:00+05:30,2316.0,2339.0,2268.9,2302.8,542249,2257.171619606882,2106.233692706923,1,0.0
2025-06-10 00:00:00+05:30,2325.9,2354.0,2290.0,2300.1,228775,2264.9767796783576,2124.697150544359,1,0.0
2025-06-11 00:00:00+05:30,2316.3,2415.1,2311.5,2374.7,475989,2284.9264561004743,2148.5069457306104,1,0.0
2025-06-12 00:00:00+05:30,2387.0,2409.9,2287.0,2308.6,241685,2289.230736809479,2163.753903280076,1,0.0
2025-06-13 00:00:00+05:30,2225.0,2365.9,2204.0,2322.5,278383,2295.27969375321,2178.872579158164,1,0.0
2025-06-16 00:00:00+05:30,2344.4,2344.4,2241.8,2298.8,183935,2295.9197494344444,2190.294238285958,1,0.0
2025-06-17 00:00:00+05:30,2317.2,2338.7,2289.3,2300.0,227001,2296.661613173636,2200.742406068248,1,0.0
2025-06-18 00:00:00+05:30,2311.5,2398.8,2308.7,2373.9,295882,2310.704956232975,2217.2336054903194,1,0.0
2025-06-19 00:00:00+05:30,2388.8,2447.4,2310.0,2354.8,270930,2318.7222369178885,2230.335166872194,1,0.0
2025-06-20 00:00:00+05:30,2354.8,2409.1,2336.1,2356.3,573666,2325.5545574782723,2242.331817646271,1,0.0
2025-06-23 00:00:00+05:30,2349.0,2357.6,2300.0,2323.6,278799,2325.1991833913135,2250.071644537102,1,0.0
2025-06-24 00:00:00+05:30,2345.0,2439.7,2340.1,2439.5,473012,2345.9811500474384,2268.1124402954733,1,0.0
2025-06-25 00:00:00+05:30,2475.5,2500.0,2370.5,2395.4,378513,2354.9663954933585,2280.235065029238,1,0.0
2025-06-26 00:00:00+05:30,2410.0,2420.6,2336.3,2346.5,299963,2353.427050858202,2286.5460112169294,1,0.0
2025-06-27 00:00:00+05:30,2350.0,2390.0,2322.7,2335.8,298140,2350.2221325203473,2291.2368672915077,1,0.0
2025-06-30 00:00:00+05:30,2333.0,2416.2,2303.7,2361.1,383777,2352.199926607557,2297.890498978031,1,0.0
2025-07-01 00:00:00+05:30,2361.1,2389.4,2323.1,2349.8,390251,2351.763576315274,2302.834260980123,1,0.0
2025-07-02 00:00:00+05:30,2348.1,2398.9,2335.0,2388.0,174919,2358.352016985224,2310.9452837439208,1,0.0
2025-07-03 00:00:00+05:30,2400.0,2400.0,2333.3,2352.8,199806,2357.3425593515467,2314.9314471968805,1,0.0
2025-07-04 00:00:00+05:30,2335.0,2375.0,2291.2,2356.4,250076,2357.1711849239928,2318.8808331781297,1,0.0
2025-07-07 00:00:00+05:30,2351.0,2364.8,2308.3,2349.4,278091,2355.7582422105393,2321.7874204944983,1,0.0
2025-07-08 00:00:00+05:30,2352.3,2397.0,2320.0,2382.9,530847,2360.6931072631683,2327.607666161689,1,0.0
2025-07-09 00:00:00+05:30,2388.9,2437.0,2361.8,2393.0,330282,2366.567087760774,2333.835507479623,1,0.0
2025-07-10 00:00:00+05:30,2393.8,2411.2,2355.0,2381.9,265921,2369.3548899860875,2338.4130781958497,1,0.0
2025-07-11 00:00:00+05:30,2389.9,2402.4,2305.1,2332.9,504126,2362.726728170435,2337.8880231295784,1,0.0
2025-07-14 00:00:00+05:30,2324.0,2324.8,2265.0,2286.2,992218,2348.812777593992,2332.9653542600945,1,0.0
2025-07-15 00:00:00+05:30,2285.0,2348.4,2285.0,2298.8,346316,2339.719545304175,2329.7115109972283,1,0.0
2025-07-16 00:00:00+05:30,2308.0,2348.9,2293.6,2334.9,374629,2338.8432643397796,2330.205652807016,1,0.0
2025-07-17 00:00:00+05:30,2347.0,2451.6,2339.1,2417.1,655351,2353.0717617325467,2338.4813049206336,1,0.0
2025-07-18 00:00:00+05:30,2435.0,2442.7,2353.0,2358.2,469262,2354.004168690265,2340.3592758805735,1,0.0
2025-07-21 00:00:00+05:30,2367.2,2474.7,2325.0,2437.4,566779,2369.1670471102166,2349.601249606233,1,0.0
2025-07-22 00:00:00+05:30,2457.0,2477.0,2422.0,2451.4,328950,2384.1184930901773,2359.2963686913536,1,0.0
2025-07-23 00:00:00+05:30,2476.0,2525.0,2442.1,2500.4,414360,2405.2605852555994,2372.7348097683675,1,0.0
2025-07-24 00:00:00+05:30,2524.5,2569.8,2475.3,2521.0,686241,2426.304115209127,2386.855304076142,1,0.0
2025-07-25 00:00:00+05:30,2522.0,2522.0,2421.3,2436.5,348476,2428.157912443831,2391.583370354605,1,0.0
2025-07-28 00:00:00+05:30,2436.0,2473.8,2356.5,2398.6,289827,2422.7837465449525,2392.2516207970234,1,0.0
2025-07-29 00:00:00+05:30,2406.0,2500.9,2372.2,2473.4,770692,2431.986701718597,2399.9800378639734,1,0.0
2025-07-30 00:00:00+05:30,2597.0,2597.0,2597.0,2597.0,48263,2461.9891195879427,2418.7438437816904,1,0.0
2025-07-31 00:00:00+05:30,2726.8,2726.8,2726.8,2726.8,72054,2510.136552390135,2448.082525326291,1,0.0
2025-08-01 00:00:00+05:30,2863.1,2863.1,2771.0,2863.1,1047740,2574.3117246828374,2487.6079991047395,1,0.0
2025-08-04 00:00:00+05:30,2863.1,2915.0,2742.7,2777.8,1660646,2611.3095929223214,2515.245332523336,1,0.0
2025-08-05 00:00:00+05:30,2814.0,2876.6,2809.5,2819.6,572260,2649.1805760273537,2544.2314913306373,1,0.0
2025-08-06 00:00:00+05:30,2852.5,2862.3,2784.1,2799.5,585894,2676.5113803860163,2568.5427778705766,1,0.0
2025-08-07 00:00:00+05:30,2795.0,2848.0,2760.8,2788.6,642357,2696.89112940674,2589.5006085495697,1,0.0
2025-08-08 00:00:00+05:30,2795.0,2843.4,2734.0,2804.5,686781,2716.4563786055146,2609.976741068658,1,0.0
2025-08-11 00:00:00+05:30,2828.0,2844.0,2786.3,2800.0,713344,2731.6461279499663,2628.0741943002145,1,0.0
2025-08-12 00:00:00+05:30,2824.0,2824.0,2775.2,2799.5,482036,2743.983195595427,2644.400461509718,1,0.0
2025-08-13 00:00:00+05:30,2825.0,2939.4,2823.1,2916.9,1308234,2775.4226145780767,2670.3527985087926,1,0.0
2025-08-14 00:00:00+05:30,2930.0,2934.5,2795.1,2844.2,443942,2787.9275937456987,2686.9096748412885,1,0.0
2025-08-18 00:00:00+05:30,2894.0,2959.0,2821.1,2830.8,468945,2795.722576701026,2700.6135153325945,1,0.0
2025-08-19 00:00:00+05:30,2835.0,2840.6,2775.0,2819.8,350393,2800.100290028112,2711.964609110443,1,0.0
2025-08-20 00:00:00+05:30,2801.0,2840.0,2771.0,2790.4,250816,2798.3366009320916,2719.43464633802,1,0.0
2025-08-21 00:00:00+05:30,2792.0,2818.0,2707.8,2734.0,740170,2786.6390371262564,2720.8218228772557,1,0.0
2025-08-22 00:00:00+05:30,2751.0,2805.5,2725.0,2770.0,365128,2783.613757648755,2725.5054587937075,1,0.0
2025-08-25 00:00:00+05:30,2786.0,2799.4,2739.8,2756.1,267345,2778.611256258072,2728.4192246228786,1,0.0
2025-08-26 00:00:00+05:30,2745.0,2759.4,2661.1,2690.1,610656,2762.518300574786,2724.7697746587946,1,0.0
2025-08-28 00:00:00+05:30,2680.0,2706.4,2653.0,2683.8,470379,2748.205882288461,2720.867891357957,1,0.0
2025-08-29 00:00:00+05:30,2698.0,2802.0,2662.7,2779.2,482340,2753.841176417832,2726.423330276247,1,0.0
2025-09-01 00:00:00+05:30,2779.0,2834.3,2744.1,2796.5,404434,2761.597326160044,2733.097298821366,1,0.0
2025-09-02 00:00:00+05:30,2829.6,2849.0,2740.0,2752.9,387190,2760.015994130945,2734.9832703621887,1,0.0
2025-09-03 00:00:00+05:30,2750.0,2850.0,2745.0,2817.4,288524,2770.4494497435,2742.8324827086467,1,0.0
2025-09-04 00:00:00+05:30,2835.0,2848.0,2700.0,2712.2,268574,2759.8586406992267,2739.9151034030615,1,0.0
2025-09-05 00:00:00+05:30,2724.1,2789.7,2705.2,2748.9,279296,2757.8661605720945,2740.7708078408655,1,0.0
2025-09-08 00:00:00+05:30,2750.0,2778.9,2718.0,2739.4,234415,2754.5086768317133,2740.6402547131643,1,0.0
2025-09-09 00:00:00+05:30,2745.0,2758.0,2698.7,2718.0,266685,2747.870735589583,2738.484039978577,1,0.0
2025-09-10 00:00:00+05:30,2719.1,2792.6,2719.1,2765.7,490030,2751.1124200278405,2741.0760361710936,1,0.0
2025-09-11 00:00:00+05:30,2798.0,2848.0,2735.1,2743.3,312119,2749.691980022779,2741.287842250037,1,0.0
2025-09-12 00:00:00+05:30,2753.3,2795.0,2722.6,2788.2,339157,2756.693438200455,2745.7556667976523,1,0.0
2025-09-15 00:00:00+05:30,2789.0,2885.0,2758.1,2851.0,330195,2773.8400858003724,2755.7789366264474,1,0.0
2025-09-16 00:00:00+05:30,2853.0,2958.0,2834.6,2924.6,714793,2801.2509792912133,2771.857133138214,1,0.0
2025-09-17 00:00:00+05:30,2948.8,3003.9,2905.0,2992.7,391447,2836.059892147356,2792.889787125051,1,0.0
2025-09-18 00:00:00+05:30,2999.9,3003.2,2916.3,2985.9,347716,2863.303548120564,2811.2717121607607,1,0.0
2025-09-19 00:00:00+05:30,2975.1,3117.8,2975.1,3068.7,788734,2900.6483575531884,2835.7886919549737,1,0.0
2025-09-22 00:00:00+05:30,3069.0,3147.0,3011.0,3022.8,317754,2922.8577470889722,2853.5992927211664,1,0.0
2025-09-23 00:00:00+05:30,3014.4,3037.7,2953.8,2996.4,223789,2936.2290658000684,2867.1993600810556,1,0.0
2025-09-24 00:00:00+05:30,3000.0,3031.0,2971.4,3022.8,215111,2951.969235654601,2882.0184686447647,1,0.0
2025-09-25 00:00:00+05:30,3039.0,3060.0,2940.0,2954.9,229480,2952.5021018992193,2888.9595668690727,1,0.0
2025-09-26 00:00:00+05:30,2954.9,2970.8,2889.6,2906.7,378858,2944.174447008452,2890.649131929161,1,0.0
2025-09-29 00:00:00+05:30,2935.0,3013.2,2900.0,2988.9,563913,2952.3063657341877,2900.006357459717,1,0.0
2025-09-30 00:00:00+05:30,2988.9,3009.9,2934.4,2960.5,512380,2953.7961174188804,2905.767656749268,1,0.0
2025-10-01 00:00:00+05:30,2978.0,3088.0,2954.7,3073.0,474400,2975.4695506154476,2921.694546582671,1,0.0
2025-10-03 00:00:00+05:30,3089.0,3189.8,3080.5,3170.1,771688,3010.8569050490023,2945.352208812893,1,0.0
2025-10-06 00:00:00+05:30,3193.0,3204.9,3122.5,3145.9,517798,3035.4101950400927,2964.45199844976,1,0.0
2025-10-07 00:00:00+05:30,3160.0,3169.3,3089.2,3097.9,318878,3046.771977760076,2977.1613319307353,1,0.0
2025-10-08 00:00:00+05:30,3097.9,3135.0,3027.0,3060.6,306465,3049.2861636218804,2985.1078717468554,1,0.0
2025-10-09 00:00:00+05:30,3055.0,3118.4,2990.0,3048.0,519016,3049.0523156906293,2991.097598247155,1,0.0
2025-10-10 00:00:00+05:30,3048.6,3081.5,2975.0,3012.4,328545,3042.3882582923325,2993.126398414093,1,0.0
2025-10-13 00:00:00+05:30,3027.4,3067.0,3011.5,3028.5,463655,3039.863120420999,2996.495312850846,1,0.0
2025-10-14 00:00:00+05:30,3049.8,3049.8,2961.0,2980.2,361818,3029.015280344454,2994.943378293622,1,0.0
2025-10-15 00:00:00+05:30,2980.0,2995.7,2909.0,2927.7,309574,3010.5943202818253,2988.539247027563,1,0.0
2025-10-16 00:00:00+05:30,2952.5,2986.4,2908.8,2917.9,421885,2993.7408075033113,2981.8116996916046,1,0.0
2025-10-17 00:00:00+05:30,2933.0,3009.0,2930.9,2959.6,320274,2987.5333879572545,2979.6962997209757,1,0.0
2025-10-20 00:00:00+05:30,2995.0,3034.7,2941.5,2959.4,337512,2982.4182265104805,2977.7633187951683,1,0.0
2025-10-21 00:00:00+05:30,2977.0,2990.0,2953.9,2959.6,17767,2978.269458054029,2976.0334789099143,1,0.0
2025-10-23 00:00:00+05:30,2958.0,3020.7,2803.0,2817.6,472932,2949.0568293169326,2960.944576156589,-1,-2.0
2025-10-24 00:00:00+05:30,2817.6,2939.6,2817.6,2905.2,454720,2941.0828603502177,2955.6355689035804,-1,0.0
2025-10-27 00:00:00+05:30,2910.5,2946.5,2810.3,2844.1,687043,2923.449613013814,2945.0131337699063,-1,0.0
2025-10-28 00:00:00+05:30,2844.1,2983.0,2834.0,2968.2,364139,2931.586047011302,2947.221406744201,-1,0.0
2025-10-29 00:00:00+05:30,2969.0,3080.8,2930.4,3066.5,495328,2956.1158566456106,2958.5812727685625,-1,0.0
2025-10-30 00:00:00+05:30,3078.9,3103.0,3031.3,3063.6,345563,2975.6584281645905,2968.5830563144136,1,2.0
2025-10-31 00:00:00+05:30,3061.0,3119.9,3020.1,3037.4,323240,2986.884168498301,2975.137050951136,1,0.0
2025-11-03 00:00:00+05:30,3040.0,3323.8,3039.1,3171.2,2043972,3020.3961378622457,2993.8097127653136,1,0.0
2025-11-04 00:00:00+05:30,3204.9,3219.8,3068.9,3146.6,1001359,3043.3422946145643,3008.361168692427,1,0.0
2025-11-06 00:00:00+05:30,3091.6,3110.0,2992.6,3000.5,748518,3035.5527865028253,3007.6124859598144,1,0.0
2025-11-07 00:00:00+05:30,3010.0,3127.7,3000.2,3073.2,779234,3042.397734411402,3013.8589158684035,1,0.0
2025-11-10 00:00:00+05:30,3091.4,3180.0,3051.1,3097.5,627964,3052.4163281547835,3021.824733404746,1,0.0
2025-11-11 00:00:00+05:30,3106.5,3169.8,3073.1,3121.9,410360,3065.049723035732,3031.3557111757223,1,0.0
2025-11-12 00:00:00+05:30,3122.0,3150.0,3101.9,3127.6,368863,3076.4225006655984,3040.521833920892,1,0.0
2025-11-13 00:00:00+05:30,3127.6,3181.8,3082.3,3122.2,508644,3084.7456823627617,3048.300706880807,1,0.0
2025-11-14 00:00:00+05:30,3123.0,3134.4,3026.6,3035.3,358525,3075.755558296805,3047.06254432073,1,0.0
2025-11-17 00:00:00+05:30,3046.5,3132.0,2993.1,3036.3,638199,3068.5818204246584,3046.037540099708,1,0.0
2025-11-18 00:00:00+05:30,3040.0,3042.4,2972.1,2996.0,500874,3055.385125801993,3041.272060090212,1,0.0
2025-11-19 00:00:00+05:30,2986.0,3060.0,2973.7,3044.2,616100,3053.351466565267,3041.5509115101922,1,0.0
2025-11-20 00:00:00+05:30,3052.0,3095.0,3040.1,3069.2,405344,3056.2330180988547,3044.184158033031,1,0.0
2025-11-21 00:00:00+05:30,3045.0,3054.1,2866.0,2902.0,1003306,3028.19065117179,3030.6428096489326,-1,-2.0
2025-11-24 00:00:00+05:30,2940.0,3023.3,2795.6,2863.9,18009141,2998.3196236860094,3014.76254206332,-1,0.0
2025-11-25 00:00:00+05:30,2914.0,3012.8,2842.3,2855.5,830881,2972.352419379462,2999.5946809144325,-1,0.0
2025-11-26 00:00:00+05:30,2863.8,3005.4,2819.9,2984.0,681518,2974.4701613104685,2998.109473208296,-1,0.0
2025-11-27 00:00:00+05:30,2983.8,2990.4,2877.7,2897.1,356398,2960.40285925402,2988.4895233789343,-1,0.0
2025-11-28 00:00:00+05:30,2897.1,2933.3,2864.0,2881.4,302814,2946.0387030260163,2978.290521152369,-1,0.0
2025-12-01 00:00:00+05:30,2908.9,2915.0,2795.0,2801.3,428475,2919.722575203104,2961.434281042619,-1,0.0
2025-12-02 00:00:00+05:30,2798.1,2872.7,2779.9,2852.1,788497,2907.427561529812,2951.0214923718936,-1,0.0
2025-12-03 00:00:00+05:30,2880.0,2967.7,2850.6,2900.2,1261360,2906.1134594334826,2946.1813502412374,-1,0.0
2025-12-04 00:00:00+05:30,2905.8,2916.9,2795.0,2805.1,700794,2887.747375900122,2932.7450311706434,-1,0.0
2025-12-05 00:00:00+05:30,2816.9,2827.0,2711.0,2768.8,1050167,2866.1205802819177,2917.131218678201,-1,0.0
2025-12-08 00:00:00+05:30,2773.0,2815.0,2702.5,2757.0,765063,2846.2804747761147,2901.8806264231343,-1,0.0
2025-12-09 00:00:00+05:30,2730.0,2920.0,2696.1,2912.5,705987,2858.3203884531845,2902.8919953352165,-1,0.0
2025-12-10 00:00:00+05:30,2912.5,2989.8,2849.7,2906.8,625073,2867.134863279878,2903.264186255672,-1,0.0
2025-12-11 00:00:00+05:30,2920.0,3031.6,2855.6,2998.6,420019,2891.037615410809,2912.343787564656,-1,0.0
2025-12-12 00:00:00+05:30,3015.0,3083.0,3013.7,3050.9,410913,2920.1035035179348,2925.539617320403,-1,0.0
2025-12-15 00:00:00+05:30,3050.0,3050.0,2956.0,3019.5,250093,2938.175593787401,2934.48822519465,1,2.0
2025-12-16 00:00:00+05:30,3000.0,3043.1,2979.8,3013.0,357485,2951.7800312806007,2941.965537080874,1,0.0
2025-12-17 00:00:00+05:30,3018.5,3020.5,2950.4,2970.3,238779,2955.1472983204912,2944.664057358886,1,0.0
2025-12-18 00:00:00+05:30,2980.0,2980.0,2802.7,2861.5,869061,2938.120516807675,2936.7436709437543,1,0.0
2025-12-19 00:00:00+05:30,2884.0,2950.0,2827.3,2927.0,853885,2936.098604660825,2935.8157022824444,1,0.0
2025-12-22 00:00:00+05:30,3111.0,3251.8,3045.6,3097.8,2416070,2965.4988583588565,2951.242778255545,1,0.0
2025-12-23 00:00:00+05:30,3097.8,3156.9,3056.6,3129.9,675543,2995.3899750208825,2968.257751755017,1,0.0
2025-12-24 00:00:00+05:30,3111.0,3202.9,3111.0,3163.3,382104,3025.919070471631,2986.833203968825,1,0.0
2025-12-26 00:00:00+05:30,3163.0,3169.8,3053.0,3073.1,235611,3034.497421294971,2995.0490893051274,1,0.0
2025-12-29 00:00:00+05:30,3075.0,3104.9,3042.2,3074.2,217099,3041.7160719686126,3002.5872712760674,1,0.0
2025-12-30 00:00:00+05:30,3065.0,3224.2,3033.3,3144.8,1550027,3060.458604337956,3016.1313406783465,1,0.0
2025-12-31 00:00:00+05:30,3087.0,3174.3,3067.9,3132.5,440717,3073.557039912873,3027.214070137552,1,0.0
2026-01-01 00:00:00+05:30,3135.9,3184.9,3125.4,3164.5,214019,3090.0921235650776,3040.288920600642,1,0.0
2026-01-02 00:00:00+05:30,3160.0,3186.6,3070.0,3093.7,373849,3090.7481010987,3045.3756900672474,1,0.0
2026-01-05 00:00:00+05:30,3110.0,3155.0,3061.4,3077.2,310496,3088.284809989845,3048.4065767275097,1,0.0
2026-01-06 00:00:00+05:30,3077.9,3100.0,3040.0,3081.0,220674,3086.9602990826006,3051.5107122772706,1,0.0
2026-01-07 00:00:00+05:30,3080.0,3185.6,3070.2,3150.5,365045,3098.5129719766733,3060.938263488959,1,0.0
2026-01-08 00:00:00+05:30,3165.8,3169.8,2972.5,3002.6,557358,3081.0742497990964,3055.3822383947727,1,0.0
2026-01-09 00:00:00+05:30,2980.0,2980.0,2810.5,2898.1,1418852,3047.8062043810787,3040.4029775952704,1,0.0
2026-01-12 00:00:00+05:30,2890.1,2901.0,2704.0,2718.2,1119713,2987.8778035845185,3009.716979729054,-1,-2.0
2026-01-13 00:00:00+05:30,2750.0,2793.9,2693.5,2731.5,878765,2941.2636574782423,2983.2201245167635,-1,0.0
2026-01-14 00:00:00+05:30,2744.9,2829.9,2723.5,2796.0,775769,2914.852083391289,2965.389636467548,-1,0.0
2026-01-16 00:00:00+05:30,2790.0,2790.0,2612.0,2621.3,1084220,2861.478977320145,2932.61919489921,-1,0.0
2026-01-19 00:00:00+05:30,2614.9,2674.9,2577.8,2647.2,672519,2822.5191632619367,2905.4364144326187,-1,0.0
2026-01-20 00:00:00+05:30,2652.6,2683.0,2570.7,2600.8,471053,2782.2065881234025,2876.423422581893,-1,0.0
2026-01-21 00:00:00+05:30,2575.0,2600.4,2523.2,2557.8,740122,2741.4053902827836,2846.078334716951,-1,0.0
2026-01-22 00:00:00+05:30,2583.0,2690.0,2557.8,2650.4,929263,2724.8589556859138,2827.4423028391457,-1,0.0
2026-01-23 00:00:00+05:30,2660.0,2765.0,2658.6,2712.7,964232,2722.648236470293,2816.514464473513,-1,0.0
2026-01-27 00:00:00+05:30,2711.0,2748.8,2651.0,2730.9,589879,2724.1485571120575,2808.360705952226,-1,0.0
