symbol,MarketSigma,trend_strength,noise,MA_Type,MA_Pair,Return,StrategyAggr,WinRate,Sharpe,MaxDrawdown,Trades
ICICIBANK.NS,1.18,5.7,73.07,EMA,50/200,-6.411635102048052,5.573153959669246,0.2,-1.5760727449496346,-5.451446069504162,5
ITC.NS,1.35,8.07,61.94,EMA,10/20,-14.477365472735748,6.554137240519567,0.125,-1.7505991544413724,-10.513682262284973,8
MARUTI.NS,0.94,0.18,98.76,SMA,12/26,14.441321926508,6.340165080251986,0.6666666666666666,-0.12311275346329469,-2.7431906614785895,6
TATASTEEL.NS,1.44,10.48,54.52,EMA,20/50,15.136609384112765,8.237532011303179,0.8,0.3612173215439197,-4.189044038668099,5
3MINDIA.NS,1.73,5.21,80.53,SMA,12/26,14.022100122178461,5.639159947943944,1.0,-0.1741546127378933,-1.5658837248042623,3
ABB.NS,2.19,4.51,85.58,SMA,10/20,7.862057321273408,6.908380330180977,0.5,0.2302508991724826,-5.895171229952045,8
ACC.NS,1.23,5.41,72.27,EMA,20/50,-5.937134019740908,3.7662205667596282,0.2,-2.7363397705801256,-7.969713596786054,5
ACMESOLAR.NS,2.5,8.87,78.31,SMA,12/26,3.468643491024115,7.427725813662467,0.6,-0.06945360844873355,-2.821025916345332,5
AIAENG.NS,1.69,1.52,94.26,SMA,20/50,5.9380104965707226,4.000562773381614,1.0,-0.24887852682125144,-1.3233900791589037,2
APLAPOLLO.NS,1.75,5.75,78.29,SMA,10/20,7.5820574401958,8.118436707488694,0.6,0.37914260148437867,-4.64871453900707,5
AUBANK.NS,1.38,4.12,83.06,SMA,10/20,8.731876466116638,5.808748144831591,0.8,-0.05752643605170374,-3.0900105930572463,5
AWL.NS,1.32,9.05,60.32,EMA,10/20,-2.752600185367915,6.894464564758833,0.2,-1.5951317773510358,-8.34765365964969,5
AADHARHFC.NS,1.32,5.26,73.0,EMA,50/200,-1.8058181765928438,2.609291980070566,0.0,-2.339471902330168,-1.505326540064833,2
AARTIIND.NS,2.28,8.58,74.92,EMA,12/26,6.181438723755317,4.4838038957664175,0.625,-0.5259913007456508,-3.33875815216661,8
AAVAS.NS,1.56,0.55,97.12,SMA,10/20,-1.5158672094928494,5.192893586212077,0.4,-1.8141969319235531,-5.298235141548979,5
ABBOTINDIA.NS,1.26,5.29,73.27,EMA,12/26,-2.5559171080165033,6.3728155346918225,0.3333333333333333,-1.17126033497429,-5.237423706002953,6
ACE.NS,2.12,7.12,80.43,SMA,10/20,-2.844168860927687,6.14440904606395,0.4,-0.9942199281822919,-5.770312787556275,5
ADANIENSOL.NS,2.5,11.19,72.31,EMA,12/26,-0.8705783289648328,5.807599083910164,0.4,-0.8320392466090701,-4.374802638526399,10
ADANIENT.NS,2.66,7.22,80.47,SMA,10/20,2.911342102257919,4.173573123074575,0.5,-0.48418942877431065,-3.3360088936108534,6
ADANIGREEN.NS,2.67,2.8,93.15,SMA,10/20,-1.134689488490348,3.708006858396663,0.5714285714285714,-1.961402320443545,-6.594958877697921,7
ADANIPORTS.NS,1.19,0.77,96.29,SMA,12/26,4.073820893135038,5.7105630945257095,0.42857142857142855,-0.3833334417481541,-4.223791718598524,7
ADANIPOWER.NS,1.76,7.93,69.53,EMA,10/20,5.240019836755239,6.500990405047107,0.6666666666666666,-0.504913908946654,-4.941427182000046,6
ATGL.NS,1.78,10.05,60.5,EMA,10/20,17.351723774688388,21.625755040285995,0.5,0.4662844648143115,-8.38536981510053,6
ABCAPITAL.NS,1.85,3.73,87.49,SMA,10/20,6.997584641215604,4.159331672268564,0.8,-1.1360522681719323,-3.283172319087091,5
ABFRL.NS,2.23,8.25,74.77,EMA,10/20,-5.860837153885767,5.943438898336054,0.375,-1.3305398608096466,-6.630734002075222,8
ABLBL.NS,1.97,15.3,52.1,EMA,50/100,-1.5345679012345737,3.5718398135383604,0.0,-3.154988305749279,-2.792235625497519,1
ABREL.NS,2.2,29.8,30.49,EMA,10/20,-2.8943289624322355,5.617849944302756,0.2857142857142857,-1.4233412173947322,-3.6914982721445666,7
ABSLAMC.NS,1.93,9.02,69.09,EMA,10/20,-7.0348120398987195,7.214761682004298,0.0,-1.4285663554907262,-5.595976777725442,5
AEGISLOG.NS,2.44,4.02,88.85,SMA,10/20,-7.027562233319884,4.825749686178539,0.16666666666666666,-3.0647989812959473,-7.701022490313925,6
AEGISVOPAK.NS,3.38,4.55,91.51,SMA,12/26,12.238243847763663,11.06224046516785,1.0,0.8452268658560737,-1.1481056257175548,2
AFCONS.NS,1.15,12.59,43.62,EMA,10/20,-6.5174650896898,7.1396260535894,0.16666666666666666,-1.6681315578333413,-7.891122503991566,6
AFFLE.NS,1.63,12.46,53.84,EMA,12/26,1.7703252922400825,9.940136369215406,0.5,-0.34124250795602196,-5.158625065278533,6
AJANTPHARM.NS,1.27,4.36,76.91,SMA,10/20,4.475913632458295,7.6771195611803,0.5,-0.08072051130786782,-6.961700634246448,6
AKUMS.NS,1.32,1.91,90.12,SMA,12/26,-8.31304360902826,5.618219582933551,0.0,-1.8661327503637741,-4.454278998699435,5
AKZOINDIA.NS,1.35,11.43,47.52,EMA,10/20,5.010632517143088,12.627132384678626,0.25,0.30992581293352434,-3.489528489528515,4
APLLTD.NS,1.07,6.62,62.66,EMA,10/20,-9.557866879101251,7.612509305809949,0.16666666666666666,-1.62380953131003,-8.211489420755825,6
ALKEM.NS,1.32,4.93,74.49,EMA,20/50,-4.224235147219546,6.124488032601369,0.16666666666666666,-1.4865473595180665,-6.8922002687394235,6
ALKYLAMINE.NS,2.32,1.31,96.53,SMA,50/200,0.0,0.0,0.0,0.0,0.0,0
ALOKINDS.NS,2.08,6.46,81.04,SMA,10/20,-9.304789365155708,5.996897361913894,0.16666666666666666,-2.5006176593440057,-7.944562005718625,6
ARE&M.NS,1.04,11.82,41.08,EMA,10/20,-2.6250104591163392,7.646108650289907,0.42857142857142855,-0.7095178875180981,-3.8908799145651596,7
AMBER.NS,2.32,10.62,70.48,EMA,12/26,-13.355148048819732,9.7085718313007,0.16666666666666666,-1.831736538477867,-10.680249695129806,6
AMBUJACEM.NS,1.6,8.53,67.76,EMA,10/20,-10.592181229204256,6.909748616744082,0.2222222222222222,-1.7034585678991132,-8.811776854283892,9
ANANDRATHI.NS,1.1,8.08,57.64,EMA,10/20,5.269869626279733,6.393722397059949,0.6666666666666666,-0.605697512840425,-4.168165243370769,6
ANANTRAJ.NS,3.15,5.08,89.36,SMA,20/50,5.031886652343243,3.050600262614902,1.0,-1.0597664809538758,0.0,2
ANGELONE.NS,4.12,7.32,88.64,SMA,12/26,-3.178781979550138,5.702908374766177,0.42857142857142855,-1.3383748365940604,-8.84527866324365,7
APARINDS.NS,2.4,0.12,99.68,SMA,10/20,8.642667533174908,8.96124877900905,0.8,0.5633399404321023,-3.5788202828561544,5
APOLLOHOSP.NS,1.19,4.61,74.76,EMA,12/26,-0.9203323197802038,8.589124217974208,0.375,-0.3045297064643994,-6.608626057851352,8
APOLLOTYRE.NS,2.09,5.35,83.75,SMA,12/26,-4.308651091650972,5.598255643235162,0.3333333333333333,-1.2984236214276352,-5.66384625286811,6
APTUS.NS,1.71,7.25,74.55,EMA,10/20,0.2674742177207312,5.9364575322973305,0.4,-0.7753186894460153,-4.739137523047132,5
ASAHIINDIA.NS,2.78,2.07,95.52,SMA,12/26,4.089271566452002,8.083930422092655,0.8,-0.2405750368046004,-3.8509170254172442,5
ASHOKLEY.NS,2.21,10.21,72.12,EMA,10/20,0.437461903001779,6.568407798555706,0.3333333333333333,-0.5504670191850555,-5.951983853329834,6
ASIANPAINT.NS,0.86,2.62,79.75,SMA,12/26,2.175344664184431,4.962641279575749,0.6666666666666666,0.033585782023925294,-4.505314789730363,6
ASTERDM.NS,2.2,9.3,73.79,EMA,50/100,-1.451056977155074,3.6705243782518466,0.5,-1.8391621093017674,-1.578793489913266,2
ASTRAZEN.NS,0.93,2.27,84.73,SMA,12/26,2.3353994929314226,6.652618617716081,0.4,-0.6539411986730503,-5.127374347084579,5
ASTRAL.NS,2.16,4.55,85.27,SMA,12/26,8.123910740566732,6.792024211854312,0.6,-0.18602041967310495,-5.8472092611713045,5
ATHERENERG.NS,2.89,11.44,75.5,SMA,10/20,0.42224045914698305,6.995208447003735,0.75,-0.8743961422088047,-4.965526847273505,4
ATUL.NS,1.43,6.79,69.8,EMA,10/20,-11.376482197325743,8.255833692925126,0.3333333333333333,-1.3731826219118002,-12.162519264092008,9
AUROPHARMA.NS,1.51,3.1,83.57,SMA,10/20,-3.486342593464231,6.439835091577359,0.4,-1.144272470175754,-9.112639890039532,10
AIIL.NS,3.45,17.75,68.58,EMA,20/50,15.646239327602673,10.924784213138393,0.75,-1.1314699346206203,-10.547844080473535,4
DMART.NS,1.15,8.16,56.22,EMA,10/20,3.986459073340076,8.924695377475347,0.4,-0.06438554517577813,-6.319989436457318,10
AXISBANK.NS,1.21,5.0,73.4,EMA,12/26,9.828806055439433,6.993920650565079,0.6,-0.436936318670848,-3.940280192022416,5
BASF.NS,1.31,8.3,60.13,EMA,10/20,-4.283317573468571,10.079072490607697,0.125,-0.9692676135937567,-9.466634929193818,8
BEML.NS,3.19,7.96,81.95,SMA,10/20,3.5885566655100343,11.010091666704346,0.4,0.11993961940530824,-4.708726467507929,5
BLS.NS,1.76,19.67,44.67,EMA,12/26,-5.926484129171916,9.187447662765996,0.5714285714285714,0.3356791887178142,-4.749536178107605,7
BSE.NS,2.3,3.7,90.56,SMA,10/20,21.061710258408837,15.79855281104943,0.625,0.5749182219202933,-4.801737311992282,8
BAJAJ-AUTO.NS,1.42,3.22,85.38,SMA,12/26,0.994559298859099,7.070956893210761,0.375,-0.787656144674062,-7.007640011942184,8
BAJFINANCE.NS,1.48,4.56,80.91,SMA,12/26,3.2344429956339127,5.242019971811958,0.5,-0.45183400909460975,-2.7872195785180187,6
BAJAJFINSV.NS,1.19,5.46,73.94,EMA,12/26,-14.915965371789197,7.244272058555265,0.18181818181818182,-1.662026042818512,-11.223632615581003,11
BAJAJHLDNG.NS,1.09,5.42,66.62,EMA,12/26,6.475194331841561,6.371830049180149,0.6666666666666666,0.24361824320020242,-1.2815563962016663,6
BAJAJHFL.NS,1.3,7.95,63.75,EMA,10/20,-9.379362725681784,4.769808328526907,0.16666666666666666,-2.7355997753375787,-7.603921852320717,6
BALKRISIND.NS,2.09,9.91,69.49,EMA,12/26,-5.567287627800798,6.524621213041529,0.25,-1.2073751729615267,-6.0878052818889365,12
BALRAMCHIN.NS,1.88,1.45,94.72,SMA,12/26,-5.411788544016494,6.076193254625993,0.2,-1.157531319884974,-2.9452418926103174,5
BANDHANBNK.NS,1.78,2.58,91.23,SMA,10/20,-7.804540008749217,7.013133628440774,0.3,-1.4235494340899681,-9.888432481012533,10
BANKBARODA.NS,1.93,0.07,99.74,SMA,10/20,14.879691480166457,7.550983812158164,0.5555555555555556,0.4428513525731851,-6.588271200418172,9
BANKINDIA.NS,2.42,1.79,95.0,SMA,12/26,1.1901418630661853,6.288158926127939,0.5,-0.36986114613472637,-4.199950588816614,8
MAHABANK.NS,2.35,4.19,86.46,SMA,10/20,-4.264930701970093,5.794899404768093,0.2857142857142857,-1.3375929599953182,-6.248192376286232,7
BATAINDIA.NS,1.29,6.76,68.29,EMA,12/26,-13.368019479403292,7.287677855677065,0.0,-1.9983511557346871,-12.420618124143168,7
BAYERCROP.NS,0.86,3.02,76.99,SMA,10/20,6.410822698423035,5.631035298138596,0.4,-1.2605236351098559,-5.267526587973803,5
BERGEPAINT.NS,2.35,3.74,89.41,SMA,10/20,1.6240823056951958,6.445418194085918,0.6,-0.6368862901343366,-5.7961444345237645,5
BDL.NS,3.47,13.98,70.28,EMA,10/20,-3.1974060365408508,6.640255983615277,0.375,-0.877880325222943,-5.513314294064953,8
BEL.NS,1.07,6.19,65.71,EMA,12/26,-2.2167810104769314,6.721036930773291,0.3333333333333333,-0.7531094815149348,-5.59380528150244,6
BHARATFORG.NS,1.24,0.31,98.5,SMA,12/26,-3.0291757599858915,7.947747861146304,0.42857142857142855,-0.8027669115510311,-6.382986908580957,7
BHEL.NS,2.23,10.29,70.81,EMA,10/20,10.258910690031243,6.403378840790891,0.6,-0.24917358226312666,-5.613908004346246,5
BPCL.NS,1.93,2.93,90.01,SMA,12/26,7.28089059445447,7.423405906689501,0.5,-0.041103256061397773,-6.299604261905012,6
BHARTIARTL.NS,1.55,5.36,74.95,EMA,12/26,-0.32025647671557467,6.832820818381171,0.42857142857142855,-1.1412150366890028,-5.802205184966979,7
BHARTIHEXA.NS,1.76,12.32,59.62,EMA,10/20,-13.703220058507204,12.10709218357901,0.2857142857142857,-1.1853280477155472,-12.429081679193132,7
BIKAJI.NS,1.56,8.69,61.86,EMA,12/26,-2.4946528463295925,9.184442072866416,0.5,0.06493662742475569,-3.570482246952811,8
BIOCON.NS,1.13,0.73,95.95,SMA,10/20,13.553720782370625,8.434604208216495,0.6,0.1549649087517895,-7.88894781535766,10
BSOFT.NS,2.38,0.02,99.96,SMA,12/26,0.0639208724752427,6.211179843611853,0.2,-0.9756861262860426,-6.409794077213727,5
BLUEDART.NS,1.28,3.26,84.76,SMA,12/26,-7.830689748917374,6.7743434377725675,0.0,-2.2939640725646604,-10.414515223340647,5
BLUEJET.NS,1.85,22.45,38.99,EMA,20/50,13.284295113861955,6.482165715304336,0.6666666666666666,0.39631313581874933,-1.1309631233832662,3
BLUESTARCO.NS,1.81,0.58,97.99,SMA,12/26,-7.490166366338357,4.979711669927017,0.0,-2.5403887355244787,-5.953019068758092,5
BBTC.NS,1.99,8.1,75.77,SMA,12/26,7.19254378885863,6.381687283661286,0.8,-0.30699362575201683,-2.462447672986945,5
BOSCHLTD.NS,1.82,1.68,94.16,SMA,12/26,-3.5576389141040443,7.4352680201887384,0.3333333333333333,-0.9155322036157777,-6.966182768313045,6
FIRSTCRY.NS,2.38,10.26,73.07,EMA,12/26,4.6124645722475766,4.91023826479819,0.5,-0.44831320239255423,-2.5060384577477057,4
BRIGADE.NS,1.63,18.15,42.23,EMA,12/26,2.1761690467337003,2.91105304591581,0.6666666666666666,-1.0929293242862652,-1.0822407628128583,3
BRITANNIA.NS,0.9,4.83,66.47,EMA,20/50,-7.09599893253916,4.45781985589303,0.4,-1.4486937599065797,-5.938776045190286,5
MAPMYINDIA.NS,1.96,27.77,36.75,EMA,10/20,-10.690113364687704,10.654630051794648,0.2,-1.324885851867947,-10.564037061889609,5
CCL.NS,1.9,3.79,86.94,SMA,10/20,11.577249857341897,8.715856134636162,0.75,0.09770122643051146,-3.8938049504624095,4
CESC.NS,1.98,8.93,72.84,EMA,12/26,-2.0817194261502414,6.737261577446215,0.4444444444444444,-0.6196673685586966,-10.922055859984281,9
CGPOWER.NS,3.26,5.72,87.71,SMA,10/20,6.573124748593062,6.79754313561239,0.5,-0.14610876339133616,-2.5530581877985736,6
CRISIL.NS,2.18,8.64,72.92,EMA,50/200,4.164285714285709,2.1325224963553513,1.0,-1.5039635868025079,0.0,1
CAMPUS.NS,2.17,4.49,85.02,SMA,10/20,4.772771955141253,4.270728991926812,0.6,-1.8130110542466047,-4.357081789111539,5
CANFINHOME.NS,1.11,0.15,99.14,SMA,10/20,0.03517102919128323,7.0640337454051165,0.42857142857142855,-0.7782470085925945,-8.521196738450264,7
CANBK.NS,2.2,0.52,98.56,SMA,12/26,2.2057020697785923,7.070058287523811,0.5714285714285714,-0.0037827762170313376,-4.272408784072468,7
CAPLIPOINT.NS,1.49,2.47,89.71,SMA,10/20,-2.828530730195067,9.16850975440204,0.375,-0.5377798625699172,-4.411913175164084,8
CGCL.NS,2.11,11.01,66.7,EMA,10/20,-29.139167930923215,16.21469788441116,0.0,-2.021570097042957,-23.57658062619674,8
CARBORUNIV.NS,1.85,12.14,60.56,EMA,10/20,0.8780507222346801,3.5859151971489345,0.4,-0.9136370118202715,-2.7767157961379407,5
CASTROLIND.NS,0.43,0.18,97.2,SMA,12/26,-3.501115456483439,7.779274912321525,0.2,-1.0454678734304212,-6.739371417078555,5
CEATLTD.NS,2.47,1.69,95.49,SMA,20/50,4.640866962269863,6.756323557429403,1.0,-0.21440807564068867,-3.959226377204206,2
CENTRALBK.NS,1.74,5.68,79.22,SMA,10/20,6.272949299692843,9.190848226982494,0.5714285714285714,0.12588036934560665,-3.5470969782174455,7
CDSL.NS,1.29,0.71,96.61,SMA,10/20,0.5398746441104496,6.06759528520111,0.5,-0.9063931977822328,-5.51439590379138,8
CENTURYPLY.NS,2.64,0.68,98.24,SMA,12/26,-0.7037077827492744,3.826836582816094,0.6,-1.3339590827370207,-1.8172640080767466,5
CERA.NS,1.24,3.12,83.99,SMA,10/20,-2.9034243649738167,6.427845241293542,0.4,-1.7131015229661886,-5.704016891750041,5
CHALET.NS,1.68,2.13,91.2,SMA,10/20,-5.396336063442786,7.761242702149215,0.42857142857142855,-0.9683214879149024,-6.218276084654562,7
CHAMBLFERT.NS,2.5,9.59,74.9,EMA,12/26,-6.526042016344813,6.060977471578895,0.2857142857142857,-0.6348473077901005,-5.889764558316424,7
CHENNPETRO.NS,2.87,6.25,86.4,SMA,12/26,20.070596759744163,14.317981081148709,0.6666666666666666,1.1705485645947409,-1.0058867234383095,6
CHOICEIN.NS,1.76,11.17,59.63,EMA,50/200,4.830964587454933,7.911451540620955,1.0,0.33102277623879656,0.0,2
CHOLAHLDNG.NS,2.01,14.14,54.14,EMA,10/20,-2.5031510329062034,9.401624716948948,0.3333333333333333,-0.7501575877717354,-10.1145730878485,6
CHOLAFIN.NS,1.81,7.16,77.14,SMA,20/50,-10.807989717461808,3.634862268550039,0.16666666666666666,-3.2945299624434,-7.68148541088034,6
CIPLA.NS,2.02,3.72,81.21,SMA,20/50,0.6322467478090843,4.796843277330242,0.4,-0.94326958782004,-4.722658477754537,5
CUB.NS,14.34,21.96,85.86,SMA,10/20,16.313182422453544,7.445678007681815,0.6666666666666666,-0.5174466445713117,-5.865636243640049,6
CLEAN.NS,1.77,7.5,65.9,EMA,10/20,-0.12816517931719673,2.8417396067287095,0.5,-1.9862191930452477,-2.1213136729222537,2
COALINDIA.NS,1.52,1.73,92.3,SMA,12/26,-4.018100581831263,5.226735103283312,0.3,-1.3674419978180057,-9.00210170971809,10
COCHINSHIP.NS,2.76,7.24,81.72,SMA,10/20,0.6294170687481504,6.801886586342593,0.5,-0.6891973743602778,-4.202761234434216,4
COFORGE.NS,2.7,9.35,76.72,SMA,12/26,5.38465918137645,7.016819014600012,0.42857142857142855,-0.5626598139625258,-5.871760956423266,7
COHANCE.NS,1.77,27.77,31.47,EMA,10/20,-5.70353585515071,5.098038942120355,0.16666666666666666,-1.663701101109775,-2.9368503628162346,6
COLPAL.NS,1.31,5.5,72.83,EMA,12/26,0.7718597439067443,7.639550836402519,0.5,-0.8289498710131384,-5.961623602355104,6
CAMS.NS,1.85,7.73,75.11,SMA,10/20,5.793511169208099,8.099312988408174,0.5,0.5067165037640575,-2.9261954359330433,8
CONCORDBIO.NS,1.93,17.1,51.86,EMA,10/20,9.182396981435236,5.182153997766426,0.75,-0.32861115185494777,-1.3850559750064995,4
CONCOR.NS,1.88,15.81,40.7,EMA,10/20,-10.708715952137327,5.888307894384176,0.1111111111111111,-1.484862258123789,-7.632460508816285,9
COROMANDEL.NS,2.11,0.28,99.13,SMA,12/26,6.779511883770284,5.740392337358802,0.5714285714285714,-0.12280916148890254,-3.0318078211246324,7
CRAFTSMAN.NS,2.79,6.38,85.05,SMA,10/20,4.934861223172993,13.38769893700637,0.42857142857142855,0.40065856462008914,-3.718116884839584,7
CREDITACC.NS,3.67,6.48,88.1,SMA,12/26,3.0478986925972285,6.954763881875267,0.5,-0.7325771277683593,-7.802959448684621,6
CROMPTON.NS,1.86,12.44,57.45,EMA,10/20,-10.071514220474487,5.643105560343331,0.0,-1.9285023437798472,-7.760337841171216,7
CUMMINSIND.NS,3.04,3.54,89.86,SMA,10/20,20.40970888333218,9.190690158147856,0.875,0.9381852440623532,-3.8154769404313504,8
CYIENT.NS,2.3,2.13,93.81,SMA,10/20,-10.351297926479186,6.740198776057939,0.14285714285714285,-1.6856734637446142,-7.400491312450274,7
ASTERDM.NS,2.2,9.3,73.79,EMA,50/100,-1.451056977155074,3.6705243782518466,0.5,-1.8391621093017674,-1.578793489913266,2
ASTRAZEN.NS,0.93,2.27,84.73,SMA,12/26,2.3353994929314226,6.652618617716081,0.4,-0.6539411986730503,-5.127374347084579,5
ASTRAL.NS,2.16,4.55,85.27,SMA,12/26,8.123910740566732,6.792024211854312,0.6,-0.18602041967310495,-5.8472092611713045,5
ATHERENERG.NS,2.89,11.44,75.5,SMA,10/20,0.42224045914698305,6.995208447003735,0.75,-0.8743961422088047,-4.965526847273505,4
ATUL.NS,1.43,6.79,69.8,EMA,10/20,-11.376482197325743,8.255833692925126,0.3333333333333333,-1.3731826219118002,-12.162519264092008,9
AUROPHARMA.NS,1.51,3.1,83.57,SMA,10/20,-3.486342593464231,6.439835091577359,0.4,-1.144272470175754,-9.112639890039532,10
AIIL.NS,3.45,17.75,68.58,EMA,20/50,15.646239327602673,10.924784213138393,0.75,-1.1314699346206203,-10.547844080473535,4
DMART.NS,1.15,8.16,56.22,EMA,10/20,3.986459073340076,8.924695377475347,0.4,-0.06438554517577813,-6.319989436457318,10
AXISBANK.NS,1.21,5.0,73.4,EMA,12/26,9.828806055439433,6.993920650565079,0.6,-0.436936318670848,-3.940280192022416,5
BASF.NS,1.31,8.3,60.13,EMA,10/20,-4.283317573468571,10.079072490607697,0.125,-0.9692676135937567,-9.466634929193818,8
BEML.NS,3.19,7.96,81.95,SMA,10/20,3.5885566655100343,11.010091666704346,0.4,0.11993961940530824,-4.708726467507929,5
BLS.NS,1.76,19.67,44.67,EMA,12/26,-5.926484129171916,9.187447662765996,0.5714285714285714,0.3356791887178142,-4.749536178107605,7
BSE.NS,2.3,3.7,90.56,SMA,10/20,21.061710258408837,15.79855281104943,0.625,0.5749182219202933,-4.801737311992282,8
BAJAJ-AUTO.NS,1.42,3.22,85.38,SMA,12/26,0.994559298859099,7.070956893210761,0.375,-0.787656144674062,-7.007640011942184,8
BAJFINANCE.NS,1.48,4.56,80.91,SMA,12/26,3.2344429956339127,5.242019971811958,0.5,-0.45183400909460975,-2.7872195785180187,6
BAJAJFINSV.NS,1.19,5.46,73.94,EMA,12/26,-14.915965371789197,7.244272058555265,0.18181818181818182,-1.662026042818512,-11.223632615581003,11
BAJAJHLDNG.NS,1.09,5.42,66.62,EMA,12/26,6.475194331841561,6.371830049180149,0.6666666666666666,0.24361824320020242,-1.2815563962016663,6
BAJAJHFL.NS,1.3,7.95,63.75,EMA,10/20,-9.379362725681784,4.769808328526907,0.16666666666666666,-2.7355997753375787,-7.603921852320717,6
BALKRISIND.NS,2.09,9.91,69.49,EMA,12/26,-5.567287627800798,6.524621213041529,0.25,-1.2073751729615267,-6.0878052818889365,12
BALRAMCHIN.NS,1.88,1.45,94.72,SMA,12/26,-5.411788544016494,6.076193254625993,0.2,-1.157531319884974,-2.9452418926103174,5
BANDHANBNK.NS,1.78,2.58,91.23,SMA,10/20,-7.804540008749217,7.013133628440774,0.3,-1.4235494340899681,-9.888432481012533,10
BANKBARODA.NS,1.93,0.07,99.74,SMA,10/20,14.879691480166457,7.550983812158164,0.5555555555555556,0.4428513525731851,-6.588271200418172,9
BANKINDIA.NS,2.42,1.79,95.0,SMA,12/26,1.1901418630661853,6.288158926127939,0.5,-0.36986114613472637,-4.199950588816614,8
MAHABANK.NS,2.35,4.19,86.46,SMA,10/20,-4.264930701970093,5.794899404768093,0.2857142857142857,-1.3375929599953182,-6.248192376286232,7
BATAINDIA.NS,1.29,6.76,68.29,EMA,12/26,-13.368019479403292,7.287677855677065,0.0,-1.9983511557346871,-12.420618124143168,7
BAYERCROP.NS,0.86,3.02,76.99,SMA,10/20,6.410822698423035,5.631035298138596,0.4,-1.2605236351098559,-5.267526587973803,5
BERGEPAINT.NS,2.35,3.74,89.41,SMA,10/20,1.6240823056951958,6.445418194085918,0.6,-0.6368862901343366,-5.7961444345237645,5
BDL.NS,3.47,13.98,70.28,EMA,10/20,-3.1974060365408508,6.640255983615277,0.375,-0.877880325222943,-5.513314294064953,8
BEL.NS,1.07,6.19,65.71,EMA,12/26,-2.2167810104769314,6.721036930773291,0.3333333333333333,-0.7531094815149348,-5.59380528150244,6
BHARATFORG.NS,1.24,0.31,98.5,SMA,12/26,-3.0291757599858915,7.947747861146304,0.42857142857142855,-0.8027669115510311,-6.382986908580957,7
BHEL.NS,2.23,10.29,70.81,EMA,10/20,10.258910690031243,6.403378840790891,0.6,-0.24917358226312666,-5.613908004346246,5
BPCL.NS,1.93,2.93,90.01,SMA,12/26,7.28089059445447,7.423405906689501,0.5,-0.041103256061397773,-6.299604261905012,6
BHARTIARTL.NS,1.55,5.36,74.95,EMA,12/26,-0.32025647671557467,6.832820818381171,0.42857142857142855,-1.1412150366890028,-5.802205184966979,7
BHARTIHEXA.NS,1.76,12.32,59.62,EMA,10/20,-13.703220058507204,12.10709218357901,0.2857142857142857,-1.1853280477155472,-12.429081679193132,7
BIKAJI.NS,1.56,8.69,61.86,EMA,12/26,-2.4946528463295925,9.184442072866416,0.5,0.06493662742475569,-3.570482246952811,8
BIOCON.NS,1.13,0.73,95.95,SMA,10/20,13.553720782370625,8.434604208216495,0.6,0.1549649087517895,-7.88894781535766,10
BSOFT.NS,2.38,0.02,99.96,SMA,12/26,0.0639208724752427,6.211179843611853,0.2,-0.9756861262860426,-6.409794077213727,5
BLUEDART.NS,1.28,3.26,84.76,SMA,12/26,-7.830689748917374,6.7743434377725675,0.0,-2.2939640725646604,-10.414515223340647,5
BLUEJET.NS,1.85,22.45,38.99,EMA,20/50,13.284295113861955,6.482165715304336,0.6666666666666666,0.39631313581874933,-1.1309631233832662,3
BLUESTARCO.NS,1.81,0.58,97.99,SMA,12/26,-7.490166366338357,4.979711669927017,0.0,-2.5403887355244787,-5.953019068758092,5
BBTC.NS,1.99,8.1,75.77,SMA,12/26,7.19254378885863,6.381687283661286,0.8,-0.30699362575201683,-2.462447672986945,5
BOSCHLTD.NS,1.82,1.68,94.16,SMA,12/26,-3.5576389141040443,7.4352680201887384,0.3333333333333333,-0.9155322036157777,-6.966182768313045,6
FIRSTCRY.NS,2.38,10.26,73.07,EMA,12/26,4.6124645722475766,4.91023826479819,0.5,-0.44831320239255423,-2.5060384577477057,4
BRIGADE.NS,1.63,18.15,42.23,EMA,12/26,2.1761690467337003,2.91105304591581,0.6666666666666666,-1.0929293242862652,-1.0822407628128583,3
BRITANNIA.NS,0.9,4.83,66.47,EMA,20/50,-7.09599893253916,4.45781985589303,0.4,-1.4486937599065797,-5.938776045190286,5
MAPMYINDIA.NS,1.96,27.77,36.75,EMA,10/20,-10.690113364687704,10.654630051794648,0.2,-1.324885851867947,-10.564037061889609,5
CCL.NS,1.9,3.79,86.94,SMA,10/20,11.577249857341897,8.715856134636162,0.75,0.09770122643051146,-3.8938049504624095,4
CESC.NS,1.98,8.93,72.84,EMA,12/26,-2.0817194261502414,6.737261577446215,0.4444444444444444,-0.6196673685586966,-10.922055859984281,9
CGPOWER.NS,3.26,5.72,87.71,SMA,10/20,6.573124748593062,6.79754313561239,0.5,-0.14610876339133616,-2.5530581877985736,6
CRISIL.NS,2.18,8.64,72.92,EMA,50/200,4.164285714285709,2.1325224963553513,1.0,-1.5039635868025079,0.0,1
CAMPUS.NS,2.17,4.49,85.02,SMA,10/20,4.772771955141253,4.270728991926812,0.6,-1.8130110542466047,-4.357081789111539,5
CANFINHOME.NS,1.11,0.15,99.14,SMA,10/20,0.03517102919128323,7.0640337454051165,0.42857142857142855,-0.7782470085925945,-8.521196738450264,7
CANBK.NS,2.2,0.52,98.56,SMA,12/26,2.2057020697785923,7.070058287523811,0.5714285714285714,-0.0037827762170313376,-4.272408784072468,7
CAPLIPOINT.NS,1.49,2.47,89.71,SMA,10/20,-2.828530730195067,9.16850975440204,0.375,-0.5377798625699172,-4.411913175164084,8
CGCL.NS,2.11,11.01,66.7,EMA,10/20,-29.139167930923215,16.21469788441116,0.0,-2.021570097042957,-23.57658062619674,8
CARBORUNIV.NS,1.85,12.14,60.56,EMA,10/20,0.8780507222346801,3.5859151971489345,0.4,-0.9136370118202715,-2.7767157961379407,5
CASTROLIND.NS,0.43,0.18,97.2,SMA,12/26,-3.501115456483439,7.779274912321525,0.2,-1.0454678734304212,-6.739371417078555,5
CEATLTD.NS,2.47,1.69,95.49,SMA,20/50,4.640866962269863,6.756323557429403,1.0,-0.21440807564068867,-3.959226377204206,2
CENTRALBK.NS,1.74,5.68,79.22,SMA,10/20,6.272949299692843,9.190848226982494,0.5714285714285714,0.12588036934560665,-3.5470969782174455,7
CDSL.NS,1.29,0.71,96.61,SMA,10/20,0.5398746441104496,6.06759528520111,0.5,-0.9063931977822328,-5.51439590379138,8
CENTURYPLY.NS,2.64,0.68,98.24,SMA,12/26,-0.7037077827492744,3.826836582816094,0.6,-1.3339590827370207,-1.8172640080767466,5
CERA.NS,1.24,3.12,83.99,SMA,10/20,-2.9034243649738167,6.427845241293542,0.4,-1.7131015229661886,-5.704016891750041,5
CHALET.NS,1.68,2.13,91.2,SMA,10/20,-5.396336063442786,7.761242702149215,0.42857142857142855,-0.9683214879149024,-6.218276084654562,7
CHAMBLFERT.NS,2.5,9.59,74.9,EMA,12/26,-6.526042016344813,6.060977471578895,0.2857142857142857,-0.6348473077901005,-5.889764558316424,7
CHENNPETRO.NS,2.87,6.25,86.4,SMA,12/26,20.070596759744163,14.317981081148709,0.6666666666666666,1.1705485645947409,-1.0058867234383095,6
CHOICEIN.NS,1.76,11.17,59.63,EMA,50/200,4.830964587454933,7.911451540620955,1.0,0.33102277623879656,0.0,2
CHOLAHLDNG.NS,2.01,14.14,54.14,EMA,10/20,-2.5031510329062034,9.401624716948948,0.3333333333333333,-0.7501575877717354,-10.1145730878485,6
CHOLAFIN.NS,1.81,7.16,77.14,SMA,20/50,-10.807989717461808,3.634862268550039,0.16666666666666666,-3.2945299624434,-7.68148541088034,6
CIPLA.NS,2.02,3.72,81.21,SMA,20/50,0.6322467478090843,4.796843277330242,0.4,-0.94326958782004,-4.722658477754537,5
CUB.NS,14.34,21.96,85.86,SMA,10/20,16.313182422453544,7.445678007681815,0.6666666666666666,-0.5174466445713117,-5.865636243640049,6
CLEAN.NS,1.77,7.5,65.9,EMA,10/20,-0.12816517931719673,2.8417396067287095,0.5,-1.9862191930452477,-2.1213136729222537,2
COALINDIA.NS,1.52,1.73,92.3,SMA,12/26,-4.018100581831263,5.226735103283312,0.3,-1.3674419978180057,-9.00210170971809,10
COCHINSHIP.NS,2.76,7.24,81.72,SMA,10/20,0.6294170687481504,6.801886586342593,0.5,-0.6891973743602778,-4.202761234434216,4
COFORGE.NS,2.7,9.35,76.72,SMA,12/26,5.38465918137645,7.016819014600012,0.42857142857142855,-0.5626598139625258,-5.871760956423266,7
COHANCE.NS,1.77,27.77,31.47,EMA,10/20,-5.70353585515071,5.098038942120355,0.16666666666666666,-1.663701101109775,-2.9368503628162346,6
COLPAL.NS,1.31,5.5,72.83,EMA,12/26,0.7718597439067443,7.639550836402519,0.5,-0.8289498710131384,-5.961623602355104,6
CAMS.NS,1.85,7.73,75.11,SMA,10/20,5.793511169208099,8.099312988408174,0.5,0.5067165037640575,-2.9261954359330433,8
CONCORDBIO.NS,1.93,17.1,51.86,EMA,10/20,9.182396981435236,5.182153997766426,0.75,-0.32861115185494777,-1.3850559750064995,4
CONCOR.NS,1.88,15.81,40.7,EMA,10/20,-10.708715952137327,5.888307894384176,0.1111111111111111,-1.484862258123789,-7.632460508816285,9
COROMANDEL.NS,2.11,0.28,99.13,SMA,12/26,6.779511883770284,5.740392337358802,0.5714285714285714,-0.12280916148890254,-3.0318078211246324,7
CRAFTSMAN.NS,2.79,6.38,85.05,SMA,10/20,4.934861223172993,13.38769893700637,0.42857142857142855,0.40065856462008914,-3.718116884839584,7
CREDITACC.NS,3.67,6.48,88.1,SMA,12/26,3.0478986925972285,6.954763881875267,0.5,-0.7325771277683593,-7.802959448684621,6
CROMPTON.NS,1.86,12.44,57.45,EMA,10/20,-10.071514220474487,5.643105560343331,0.0,-1.9285023437798472,-7.760337841171216,7
CUMMINSIND.NS,3.04,3.54,89.86,SMA,10/20,20.40970888333218,9.190690158147856,0.875,0.9381852440623532,-3.8154769404313504,8
CYIENT.NS,2.3,2.13,93.81,SMA,10/20,-10.351297926479186,6.740198776057939,0.14285714285714285,-1.6856734637446142,-7.400491312450274,7
DCMSHRIRAM.NS,1.61,7.25,71.11,EMA,12/26,-0.07119184340056428,5.100657601466026,0.4,-1.9949194012819376,-5.558143983050146,5
DLF.NS,1.54,3.47,85.88,SMA,12/26,-16.671815403902666,6.060505380489502,0.0,-2.1579446152526662,-10.649611524469837,6
DOMS.NS,1.9,10.35,66.75,EMA,50/100,-6.378531991713432,6.639323949323309,0.2,-1.8974055617693375,-6.971820822234198,5
DABUR.NS,1.37,9.26,55.37,EMA,12/26,0.4241134226363963,8.355510101751845,0.5,-0.7827459434332515,-11.42027421887476,10
DALBHARAT.NS,1.45,8.76,63.95,EMA,10/20,4.314790802693191,7.153724708231343,0.5,-0.30062009102233483,-3.771006968165025,8
DATAPATTNS.NS,4.95,6.36,90.93,SMA,10/20,4.718151145120553,7.322552760537697,0.75,0.026906014168004984,-2.761366555355771,4
DEEPAKFERT.NS,2.3,22.57,39.97,EMA,12/26,-10.737746650349656,7.701488233941754,0.3333333333333333,-2.3635713006284926,-13.680862646020698,6
DEEPAKNTR.NS,1.69,12.38,56.57,EMA,10/20,-14.434182210548363,6.645350781496375,0.1,-1.6717647292335,-10.384123168660874,10
DELHIVERY.NS,1.61,8.09,66.93,EMA,12/26,11.207509691314698,6.189577877349006,0.6666666666666666,0.38387187070515627,-2.11947602807121,6
DEVYANI.NS,2.28,17.13,58.09,EMA,10/20,1.3405584471530174,4.589243440164961,0.4,-1.963675530079621,-4.130073013430069,5
DIVISLAB.NS,1.47,3.84,82.97,SMA,12/26,-2.6586377638342706,6.035392404221023,0.5714285714285714,-0.49115324494939105,-5.572474345324374,7
DIXON.NS,1.84,2.41,91.84,SMA,12/26,3.700592683259374,6.144297072105212,0.3333333333333333,-0.8263855130219054,-7.4007902663020815,6
AGARWALEYE.NS,1.71,11.99,58.32,EMA,12/26,6.172429734431306,7.544203047694771,0.5714285714285714,-0.7713717786183505,-6.604972901939366,7
LALPATHLAB.NS,1.66,0.41,98.46,SMA,12/26,0.465975058214263,6.816326234276728,0.5,-0.3662202859606888,-5.826653483815902,6
DRREDDY.NS,1.21,2.12,88.23,SMA,10/20,-3.203952107178476,8.442619355573509,0.3333333333333333,-1.0407154220830197,-7.65324300848641,9
EIDPARRY.NS,1.87,11.56,57.23,EMA,50/200,3.0381956333861204,2.894362821826527,0.5,-1.3545019931154387,-0.9858501507770789,2
EIHOTEL.NS,1.62,10.68,60.95,EMA,12/26,-7.021362993068525,7.777460290288782,0.2,-1.514507147014273,-7.2597630709750565,5
EICHERMOT.NS,1.8,2.07,90.55,SMA,10/20,5.725096434374133,7.7691947665688845,0.4444444444444444,-0.25796697078156744,-3.860760256714224,9
ELECON.NS,4.65,19.26,69.06,EMA,10/20,-16.782893967320366,6.712946946193317,0.16666666666666666,-1.6812689046657592,-7.490499877141432,6
ELGIEQUIP.NS,2.06,9.04,75.06,SMA,10/20,-8.944367328086022,6.468566961735986,0.16666666666666666,-2.6514267681542645,-9.887162953853379,6
EMAMILTD.NS,1.45,8.43,67.86,EMA,10/20,-8.879796787811756,4.840146905606881,0.25,-3.0133298353410973,-7.516133951419423,8
EMCURE.NS,2.04,1.3,95.93,SMA,10/20,-0.9472346424553746,9.128916775191296,0.5,0.45709751233773377,-3.695896571107371,8
ENDURANCE.NS,1.55,5.38,78.93,SMA,20/50,1.626254188207632,2.309743412564172,0.5,-2.7595572693799317,-1.555241365380744,2
ENGINERSIN.NS,2.39,16.81,56.67,EMA,10/20,-12.19822869861622,12.738565907877295,0.2727272727272727,-0.7042669903350587,-8.119598012952379,11
ERIS.NS,1.64,10.29,59.58,EMA,12/26,31.850076729874456,6.585712357045917,0.75,0.4030379520432912,-1.8942992874109277,4
ESCORTS.NS,1.29,9.15,55.21,EMA,12/26,0.5579585818172639,8.225669271738255,0.375,-0.45960975266405873,-5.972766148150599,8
ETERNAL.NS,2.01,4.32,87.31,SMA,10/20,-1.7398727451396478,7.284751959536625,0.4,-1.0468462868471953,-7.6412332289518385,5
EXIDEIND.NS,2.69,10.28,72.97,EMA,20/50,6.629239755656968,6.52136129655779,0.6,-0.3174186168790747,-4.665120102328856,5
NYKAA.NS,1.42,4.67,79.2,SMA,10/20,2.6154358640297026,8.629279029109298,0.5,0.12982353605726937,-5.505486632225964,10
FEDERALBNK.NS,1.27,10.53,47.25,EMA,10/20,7.842319340085635,6.7134868854845005,0.625,0.07746320798817312,-2.5025711347274604,8
FACT.NS,2.04,12.72,63.19,EMA,10/20,-4.511629917772108,6.4413521413481,0.5,-1.4526036335059005,-8.104950870975248,6
FINCABLES.NS,1.66,7.56,70.84,EMA,10/20,-13.119960315901535,5.207636605895986,0.0,-3.186505084721875,-9.329885282245643,5
FINPIPE.NS,1.3,4.7,77.12,SMA,10/20,-5.073872682671032,5.863886236811395,0.4,-1.2716015776527256,-7.925702770822484,5
FSL.NS,1.85,9.44,68.81,EMA,10/20,9.439994816898455,7.9931715775588925,0.5555555555555556,0.12660396314375155,-4.400007741030587,9
FIVESTAR.NS,2.94,16.9,51.89,EMA,10/20,24.14507730482891,16.905018762596914,0.8,1.2942437506223496,-2.2162011949423466,5
FORCEMOT.NS,3.54,8.67,84.98,SMA,12/26,7.030845740976921,7.458412168969408,0.75,0.22253528399412129,-2.4656350446951025,4
FORTIS.NS,1.61,8.47,66.67,EMA,50/100,0.7839065798324496,4.898313072831465,0.5,-1.1221501118646457,-2.77736299835748,2
GAIL.NS,1.75,2.14,91.02,SMA,10/20,3.162169098457368,8.474919126710072,0.5,0.3692621036038893,-4.319267907039725,10
GVT&D.NS,3.77,6.93,87.77,SMA,12/26,5.758897559263265,8.699748784440262,0.6,0.1630333870705255,-4.467002739105119,5
GMRAIRPORT.NS,2.21,11.09,65.03,EMA,10/20,7.859752101032758,5.823182735181717,0.6,0.3225914651901921,-3.4400091367597585,5
GRSE.NS,3.68,3.26,93.72,SMA,10/20,17.55093141030988,22.761596865284638,0.5,0.4860029328709965,-8.95789398122936,6
GICRE.NS,1.14,1.97,89.64,SMA,10/20,-6.069426029025959,5.541431938815878,0.2857142857142857,-2.5795564780993567,-11.1243228106642,7
GILLETTE.NS,2.26,5.92,80.85,SMA,10/20,-9.312064614106074,4.972408711443236,0.2,-2.7457024417824316,-7.128492023877109,5
GLAND.NS,3.95,21.51,54.96,EMA,12/26,-3.5855384901893994,5.505379119833097,0.42857142857142855,-1.5420210594394546,-7.631874492161639,7
GLAXO.NS,2.05,1.99,93.87,SMA,12/26,5.166799114264076,8.4666670139925,0.5,0.004320083109801396,-6.404307166229928,6
GLENMARK.NS,2.37,8.38,75.8,SMA,10/20,3.9059523412207087,8.486568503105389,0.5,0.1875525009556953,-7.82142078214102,10
MEDANTA.NS,2.56,7.86,82.15,SMA,10/20,-1.7225589516370654,10.160040662390369,0.4,-0.5577000685366339,-6.128381106176817,5
GODIGIT.NS,1.39,8.02,64.71,EMA,12/26,3.0623416327850927,6.959337187811526,0.42857142857142855,-1.2661109981873686,-7.496002205569729,7
GPIL.NS,2.66,9.32,79.68,SMA,12/26,6.105182312445523,9.730804288724801,0.8,0.09080818327803611,-4.740711106665996,5
GODFRYPHLP.NS,2.18,15.31,57.64,EMA,10/20,2.785996581028205,4.778707251256626,0.6666666666666666,-0.22227416694823057,-0.7299270072992692,3
GODREJAGRO.NS,2.37,2.86,92.21,SMA,10/20,-2.015400919412913,5.533489751765392,0.4,-1.0445915721789094,-4.616343985124227,5
GODREJCP.NS,1.22,2.36,88.44,SMA,10/20,-2.753593652601405,7.889811125631171,0.375,-0.563384117276607,-7.1838937286512135,8
GODREJIND.NS,1.65,1.5,94.11,SMA,10/20,0.5906302415472631,6.970134071811759,0.2857142857142857,-2.2263486000496595,-9.0626094495039,7
GODREJPROP.NS,1.55,6.66,74.32,EMA,20/50,5.336370385951805,4.252562809890654,0.6,-1.0082829975961092,-2.7480536765695285,5
GRANULES.NS,1.71,3.79,83.52,SMA,12/26,3.7581894864435084,6.429828868106494,0.5,-0.1411896905996164,-5.5752168733505965,6
GRAPHITE.NS,3.25,8.41,83.69,SMA,10/20,2.77904241070408,9.07862123197781,0.5,-0.5693255726991074,-6.868335828915228,6
GRASIM.NS,1.57,5.13,68.75,EMA,12/26,3.0659901025928304,7.722307781260349,0.36363636363636365,-0.03678851499219672,-5.584264442843468,11
GRAVITA.NS,2.89,10.62,77.58,SMA,10/20,-0.7257764172425518,4.730561151762178,0.2,-1.2682534823306315,-2.5636179222941036,5
GESHIP.NS,1.8,8.04,72.09,EMA,12/26,-2.890182992887158,8.837899679679808,0.3333333333333333,-0.39296803012554665,-6.940681723571074,6
FLUOROCHEM.NS,1.74,15.3,50.38,EMA,10/20,4.770394192918648,7.044175214619447,0.5555555555555556,-0.8656054675734188,-6.628177699815884,9
GUJGASLTD.NS,2.4,4.06,86.35,SMA,10/20,-4.789050210386392,4.792894056286598,0.2857142857142857,-1.233923944590462,-4.143753033980612,7
GMDCLTD.NS,3.87,5.38,89.77,SMA,10/20,-6.156985858972586,5.1907182288420275,0.14285714285714285,-1.8079016747480616,-6.440778072800823,7
GSPL.NS,1.4,6.93,71.0,EMA,10/20,-1.265181292588513,7.061200198594435,0.4,-0.3744709518559225,-4.1683194794670975,5
HEG.NS,2.86,15.05,69.66,EMA,12/26,-2.268303010321149,8.229915516950648,0.16666666666666666,-0.6798109283652736,-4.613870259984254,6
HBLENGINE.NS,3.89,20.41,68.39,EMA,12/26,-6.156247508270251,5.83918810108917,0.4,-1.5452382484144813,-5.788880412757658,5
HCLTECH.NS,1.9,1.23,95.34,SMA,12/26,3.2296020291342264,5.839136545453301,0.5,-0.7647693523943581,-5.439499163166328,6
HDFCAMC.NS,1.62,11.21,61.42,EMA,12/26,3.1142052945616783,8.097945137298632,0.4,-0.2623941721153734,-5.164827489872881,5
HDFCBANK.NS,1.29,3.24,82.72,SMA,12/26,-0.8946819509318971,5.91546715109971,0.5,-0.8245725979166552,-5.0728294974464845,6
HDFCLIFE.NS,1.12,10.99,46.04,EMA,20/50,2.075801674420563,4.977897509021158,0.4,-1.115638878319123,-5.218716271982771,5
HFCL.NS,3.17,1.09,97.92,SMA,10/20,-12.278422678487178,5.896034216755018,0.0,-2.8382058047998373,-9.685112082646208,5
HAPPSTMNDS.NS,1.41,12.34,52.16,EMA,50/100,0.0,0.0,0.0,0.0,0.0,0
HAVELLS.NS,1.43,6.76,69.68,EMA,10/20,-4.579776496758847,6.313554378035248,0.3333333333333333,-0.7182852651554991,-5.034294466271594,9
HEROMOTOCO.NS,1.34,4.74,76.53,SMA,10/20,-8.33790564275657,5.318537941908899,0.2222222222222222,-1.8716304794922356,-6.61773021056733,9
HEXT.NS,1.83,4.77,83.58,SMA,20/50,5.749740793276836,5.03967561138514,1.0,-0.1688849140868594,-1.523084819722087,2
HSCL.NS,1.76,5.97,77.82,SMA,12/26,4.183570522284952,6.714719317876433,0.6,0.12982772388405656,-2.873020866100451,5
HINDALCO.NS,2.21,7.16,80.38,SMA,10/20,11.767034726024095,6.734240449916733,0.625,-0.3430798993078742,-5.3796284782224095,8
HAL.NS,1.4,9.46,51.76,EMA,12/26,-5.16843698805981,7.039678220308508,0.42857142857142855,-0.9544426032744331,-7.571986688694087,7
HINDCOPPER.NS,2.21,17.68,51.63,EMA,10/20,17.603862247247413,14.45356024448506,0.5714285714285714,0.7662543910334166,-4.087883820341109,7
HINDPETRO.NS,2.25,3.14,91.91,SMA,10/20,7.76591814264338,7.594651456811944,0.5555555555555556,0.10077093766306786,-5.1800309255577215,9
HINDUNILVR.NS,1.3,4.84,77.67,SMA,10/20,-3.872531397356549,8.095746859878414,0.4,-0.5742221793336043,-6.875751182691269,10
HINDZINC.NS,4.94,2.94,96.2,SMA,10/20,-1.7191796035580076,3.1139715258865674,0.4,-2.2720299382260243,-2.5664594703027843,5
POWERINDIA.NS,3.37,0.14,99.76,SMA,10/20,10.547124705106281,7.9893900307962635,1.0,1.2064521021479453,-1.2220755731534472,5
HOMEFIRST.NS,4.04,3.44,93.85,SMA,12/26,-4.310656382804579,7.903374164550579,0.5,-1.394660663509137,-8.602208899873286,6
HONASA.NS,1.41,5.83,73.53,EMA,50/200,-2.3703125000000047,0.48663681468384634,0.0,-14.517094427176685,-0.4672712153011571,1
HONAUT.NS,1.84,2.1,92.93,SMA,10/20,1.5688728823400222,8.096086528871295,0.4,-0.3599783474055987,-5.080893167535772,5
HUDCO.NS,2.09,8.96,65.17,EMA,10/20,8.730174674020308,6.908811210431375,0.5714285714285714,0.012225877786560915,-4.210881412350387,7
HYUNDAI.NS,1.65,3.67,85.09,SMA,10/20,-10.335516757847717,5.2968375489325235,0.16666666666666666,-3.585773729115961,-11.433888257511226,6
ICICIBANK.NS,1.18,5.7,73.07,EMA,50/200,-6.411635102048052,5.573153959669246,0.2,-1.5760727449496346,-5.451446069504162,5
ICICIGI.NS,1.62,7.38,72.41,EMA,20/50,-9.762448105031307,6.70844020717367,0.2,-1.3666700084346994,-8.266875259984019,5
ICICIPRULI.NS,1.64,15.01,46.84,EMA,12/26,-7.010859721717388,6.46057867395321,0.4,-1.1861546693969152,-4.135558887311042,5
IDBI.NS,2.28,10.22,73.15,EMA,10/20,13.788407005589498,11.45267209115782,0.5,0.7039803106805902,-8.38554974195931,8
IDFCFIRSTB.NS,1.0,6.43,56.12,EMA,12/26,-2.9080600262249012,7.070817858958516,0.2857142857142857,-1.0433622538349128,-8.483673130582703,7
IFCI.NS,4.86,5.71,91.56,SMA,10/20,-4.630560449669474,5.813801969892942,0.42857142857142855,-1.7847853320404368,-8.408634334763288,7
IIFL.NS,4.27,23.29,57.8,EMA,20/50,4.018105171914388,9.39287262312457,0.5,0.03973185401859557,-3.328768294145401,4
INOXINDIA.NS,1.44,1.01,95.67,SMA,12/26,-1.8701061386893536,5.98431342314238,0.2,-1.4616573731362315,-3.7323114494276277,5
IRB.NS,1.81,2.63,91.22,SMA,10/20,-7.436675739516563,5.340221817068742,0.16666666666666666,-1.979622016699404,-6.587624639004785,6
IRCON.NS,2.72,12.61,70.04,EMA,12/26,-8.547827796640728,5.918850101921859,0.3333333333333333,-1.997943973522862,-7.701918842671751,6
ITCHOTELS.NS,1.98,6.36,80.43,SMA,10/20,-7.298263072993372,6.9287255715876075,0.14285714285714285,-1.7614829737584519,-6.726270985699612,7
ITC.NS,1.35,8.07,61.94,EMA,10/20,-14.477365472735748,6.554137240519567,0.125,-1.7505991544413724,-10.513682262284973,8
ITI.NS,1.94,9.22,68.88,EMA,10/20,3.923176927961758,5.502550184466674,0.5,-0.5943343837648207,-2.19607843137255,6
INDGN.NS,1.57,5.76,74.91,EMA,12/26,-7.752501994308214,5.665383257923379,0.16666666666666666,-2.2337231082711106,-7.015918312747682,6
INDIACEM.NS,1.56,2.37,89.6,SMA,12/26,2.1749083087220678,4.376328488301235,0.6,-0.9304869264609108,-2.3211586674176443,5
INDIAMART.NS,0.92,0.15,98.85,SMA,12/26,-1.2004231747651417,3.148571194647501,0.4,-2.6992008199699655,-2.7704243509076742,5
INDIANB.NS,2.67,2.73,92.16,SMA,10/20,-5.330667375857779,8.102696799444027,0.16666666666666666,-0.9735564788983552,-7.231391983731584,6
IEX.NS,1.32,8.85,60.1,EMA,10/20,7.22311041090582,8.237570590458052,0.6666666666666666,0.24872830557138942,-3.3036153804080426,9
INDHOTEL.NS,1.39,0.85,96.5,SMA,12/26,-5.201106857915605,5.533417939124909,0.3333333333333333,-0.6668799500564266,-5.08064484963019,9
IOC.NS,1.92,4.29,86.86,SMA,10/20,6.024397073848409,5.245286054538954,0.6666666666666666,0.136847063399986,-2.639793702497284,6
IOB.NS,1.66,6.2,77.02,SMA,10/20,-9.002178550706896,5.453465471888028,0.3333333333333333,-2.7368540535465513,-7.851523648592718,6
IRCTC.NS,1.44,3.3,84.64,SMA,10/20,-15.008203406287379,5.002855220790274,0.0,-2.7010935378593746,-10.449884329990677,8
IRFC.NS,2.22,9.93,68.85,EMA,10/20,11.80315273745871,13.1251020254045,0.42857142857142855,0.6809481911557582,-4.875908895755732,7
IREDA.NS,2.14,11.85,69.01,EMA,12/26,2.287591874399464,7.745444171549493,0.4,-0.37806752350003264,-3.8562166228014005,5
IGL.NS,1.94,3.27,89.03,SMA,10/20,-6.793851098580783,6.532261232775105,0.3333333333333333,-1.0704485064549238,-4.576226730189303,9
INDUSTOWER.NS,1.2,2.21,87.8,SMA,10/20,1.929054877753833,6.398056492373117,0.42857142857142855,-0.4021471863944514,-4.561380294625572,7
INDUSINDBK.NS,1.66,2.09,91.54,SMA,10/20,9.762144774111592,8.229079545545611,0.75,0.06740689024261329,-4.248269333175547,8
NAUKRI.NS,1.87,2.78,90.73,SMA,10/20,0.31308239943688143,6.356835520698512,0.2727272727272727,-0.9846077570233663,-6.960384314400859,11
INFY.NS,2.51,1.79,95.16,SMA,12/26,-11.41150188163762,4.592858143686529,0.16666666666666666,-3.280583068360144,-12.089816753784177,6
INOXWIND.NS,2.32,17.0,60.08,EMA,12/26,1.2249995843300443,6.084536465541725,0.4,-0.6887675318505715,-3.1482179460701643,5
INTELLECT.NS,2.72,14.43,67.47,EMA,10/20,-0.916613751500106,3.472828682323762,0.6,-1.9364260443702006,-1.9765494137353512,5
INDIGO.NS,1.77,5.18,80.35,SMA,10/20,-15.313103117581683,9.551474011617941,0.18181818181818182,-0.8701538473860772,-8.143770447164844,11
IGIL.NS,2.91,7.33,80.55,SMA,12/26,9.315551202639494,6.045594931315534,0.6666666666666666,0.3206911164406508,-2.2302969552687735,6
IKS.NS,1.63,5.47,79.61,SMA,10/20,5.694359142245697,6.0019467389512995,0.4,-0.17672271758962754,-2.1252575404543728,5
IPCALAB.NS,2.14,1.88,94.39,SMA,12/26,-4.8254781709122,8.940160402984125,0.42857142857142855,-1.1691761255440933,-12.202130027761381,7
JBCHEPHARM.NS,1.47,1.33,94.38,SMA,10/20,0.8962281098769287,7.5481372197636745,0.4,-1.0972567489648388,-7.0884557684191,5
JKCEMENT.NS,1.92,14.86,53.85,EMA,20/50,-8.582058122752267,6.322984399852151,0.2857142857142857,-1.394217658482328,-4.429727389290139,7
JBMA.NS,2.45,14.59,65.0,EMA,50/200,0.685435837982773,1.162620364448742,1.0,-6.774965833995741,-1.1486962649753352,1
JKTYRE.NS,1.92,3.2,88.05,SMA,10/20,7.155288069897225,9.612202645265798,0.5,0.1450928740375739,-3.925341543197991,6
JMFINANCIL.NS,2.28,17.5,56.86,EMA,10/20,-16.002796096234828,7.357972793098197,0.3333333333333333,-0.9272520188521083,-6.128426665167175,6
JSWENERGY.NS,1.86,7.69,74.9,EMA,10/20,10.876274908628435,9.38531994403772,0.5454545454545454,0.4141365280868841,-5.370102795306697,11
JSWINFRA.NS,1.82,7.88,68.91,EMA,12/26,-8.333381300098107,7.340305056733875,0.2,-1.1120281813600361,-4.005045726900047,5
JSWSTEEL.NS,1.14,1.13,93.79,SMA,12/26,3.2205989365778454,7.34668251680312,0.6,-0.4177916953923052,-5.537324244413155,5
JPPOWER.NS,2.58,16.0,61.3,EMA,12/26,0.41222854692937183,7.774526092173328,0.5,0.24924767138042683,-1.2022303786280442,4
J&KBANK.NS,2.04,1.55,94.73,SMA,10/20,-3.9629606919944993,9.700932113545646,0.2857142857142857,-0.817886953829295,-9.579374867137002,7
JINDALSAW.NS,4.43,2.46,95.44,SMA,10/20,-4.518084841821091,10.049404534028291,0.3333333333333333,-0.861727232975834,-8.102944613435348,6
JSL.NS,3.22,7.06,84.19,SMA,12/26,5.3135081736608525,9.012823610312692,0.3333333333333333,-0.2244712667458,-5.928235062605913,6
JINDALSTEL.NS,1.06,10.5,41.26,EMA,10/20,14.569230690988299,8.120889992265829,0.7777777777777778,0.3297638921080425,-3.845359760503786,9
JIOFIN.NS,1.37,2.61,88.0,SMA,12/26,-11.369570868231838,4.463618180922529,0.0,-2.842669326963453,-10.105081006795658,5
JUBLFOOD.NS,2.38,10.17,67.05,EMA,12/26,-6.00437329732153,4.536414097161293,0.125,-1.988220065659316,-7.705901343096199,8
JUBLINGREA.NS,2.08,18.08,55.38,EMA,12/26,-1.2811068957645055,7.0317339782876225,0.5,-1.2586690790473543,-6.687051093623364,6
JUBLPHARMA.NS,2.32,10.54,71.79,EMA,12/26,-5.507590842997834,4.615989410869404,0.3333333333333333,-1.432968332663748,-4.375110914990488,6
JWL.NS,4.05,6.6,88.54,SMA,10/20,2.261974945394618,6.687570789374678,0.5,-0.3997661645714164,-2.888184533638294,4
JYOTHYLAB.NS,1.33,15.7,38.32,EMA,10/20,-8.20963476266876,7.193289630113217,0.16666666666666666,-2.1758619793754628,-8.602753414532183,6
JYOTICNC.NS,2.61,22.09,45.13,EMA,10/20,4.887589805290071,8.665853046643628,0.5714285714285714,0.24582041111387848,-4.68025899201071,7
KPRMILL.NS,3.19,4.88,90.01,SMA,12/26,8.888634515542693,6.947741729586308,0.75,0.1000924329637583,-2.631136516476118,4
KEI.NS,2.13,9.92,69.25,EMA,12/26,6.380577405409427,8.337937935248505,0.4,0.2780983329943416,-3.0760684912909175,5
KPITTECH.NS,2.37,13.25,59.39,EMA,12/26,-6.389020000771428,5.620552885850567,0.16666666666666666,-2.5301535607430066,-8.276464177754983,6
KSB.NS,2.07,7.76,78.45,SMA,10/20,0.6209452382349268,8.6280018776973,0.5,-0.21583008325991396,-6.246486354450598,6
KAJARIACER.NS,2.0,8.98,67.64,EMA,10/20,-12.628538840130933,3.236967411678355,0.0,-4.462263626452366,-7.329953411908685,5
KPIL.NS,1.97,6.02,81.77,SMA,10/20,-0.3483200290914312,5.262551672310564,0.4,-0.33619414572974327,-2.5719557816500593,5
KALYANKJIL.NS,3.24,27.51,40.24,EMA,10/20,-0.8028146519753587,6.828731724071736,0.5714285714285714,-1.1770461627974806,-4.855592308443846,7
KARURVYSYA.NS,3.22,6.61,84.62,SMA,10/20,5.930808944331312,6.668261679127367,0.6,0.23464366320745242,-2.147066735138037,5
KAYNES.NS,2.44,13.17,66.52,EMA,20/50,6.059757805598043,4.477584868817821,1.0,-0.48422072547057776,0.0,1
KEC.NS,2.8,18.18,62.86,EMA,10/20,4.072891196118578,11.453054643349816,0.6,-0.11277982118798235,-3.6585319072823808,5
KFINTECH.NS,1.58,8.26,65.61,EMA,10/20,10.641973838941944,6.668520233229079,0.6666666666666666,0.8162891147576271,-1.7970593574151317,6
KIRLOSBROS.NS,2.37,7.33,79.39,SMA,12/26,-11.998238644100567,5.160290852761622,0.4,-1.230129859165154,-3.391241027774883,5
KIRLOSENG.NS,2.17,8.13,76.99,SMA,10/20,-0.9174003446674295,11.505014035263573,0.375,-0.37908845331943575,-5.497233853053718,8
KOTAKBANK.NS,1.25,2.65,87.26,SMA,10/20,-12.441185931355548,8.141952461705113,0.2222222222222222,-1.2852725889375285,-8.38591694977875,9
KIMS.NS,2.16,9.27,71.7,EMA,12/26,2.6192122017318242,7.531510207672512,0.4,-0.6969790058419911,-5.248918873899521,5
LTF.NS,1.73,13.35,54.92,EMA,12/26,4.27496987297229,5.022410244471789,0.6666666666666666,-0.2905297011799221,-1.3738060970823085,3
LTTS.NS,3.01,5.06,88.16,SMA,10/20,5.957131147390937,8.375348960326999,0.6,0.11553212640601856,-3.712402105929613,5
LICHSGFIN.NS,1.83,4.37,84.53,SMA,12/26,-6.7067689785636375,5.8487492391054285,0.4444444444444444,-1.529688143776911,-7.277738419164748,9
LTFOODS.NS,2.39,5.31,85.66,SMA,10/20,-8.019511603643448,7.653447749616271,0.3333333333333333,-1.5719852746084886,-10.601111173863398,6
LTIM.NS,2.75,2.43,94.28,SMA,12/26,2.511572538519724,5.383428895508225,0.6,-1.2165227918169548,-3.513581779526509,5
LT.NS,1.03,1.99,86.14,SMA,10/20,2.0684418172333574,7.002110716013845,0.42857142857142855,-0.46233987235972546,-4.7047431923173955,7
LATENTVIEW.NS,2.98,0.01,99.97,SMA,12/26,-7.438534340687042,7.788884199707965,0.2,-1.7200479876065684,-9.363430481008573,5
LAURUSLABS.NS,1.51,5.72,78.01,SMA,10/20,18.688702606245712,6.884621071004979,0.7777777777777778,1.2609994375993898,-1.9663598245698632,9
THELEELA.NS,2.26,0.74,97.89,SMA,20/50,3.2943490417117083,6.565391142455709,0.6666666666666666,-0.6991087060254819,-4.937853107344658,3
LEMONTREE.NS,2.23,14.97,61.06,EMA,20/50,-4.216458956081026,6.57129046524335,0.2,-1.3425194712647044,-4.606181832521516,5
LICI.NS,1.18,5.21,71.17,EMA,50/100,2.9384018477477847,2.6776921290406195,0.5,-1.9841734103950237,-1.6436242805435208,2
LINDEINDIA.NS,1.48,0.05,99.77,SMA,12/26,-3.4516752017884955,6.712697853116399,0.4,-1.1759270335390375,-5.907939814479024,5
LLOYDSME.NS,1.93,17.81,52.25,EMA,12/26,13.042893267640142,8.824762395935226,0.8,0.8138372019045302,-4.02555406907803,5
LODHA.NS,3.0,14.16,70.54,EMA,50/200,1.5067106395182162,4.161995892844821,1.0,-1.2733901850149656,-2.939521800281286,1
LUPIN.NS,0.82,0.67,94.89,SMA,12/26,-4.316497510623485,6.512336825955814,0.25,-0.7215260066250768,-9.095943700154596,8
MMTC.NS,4.04,6.83,87.48,SMA,10/20,-11.65835948203835,8.12063189195426,0.16666666666666666,-2.128572720014653,-11.78440864007374,6
MRF.NS,1.05,2.78,80.67,SMA,12/26,-4.221304975348827,4.794625834408616,0.2,-1.5259116786682385,-4.993498520600581,5
MGL.NS,1.6,0.6,97.87,SMA,20/50,-5.399175495923359,6.150848352508211,0.4,-1.0346722778671433,-6.241724835187479,5
MAHSCOOTER.NS,2.59,7.26,81.41,SMA,10/20,-6.492573737247231,4.92658387597029,0.14285714285714285,-2.0697045322960856,-6.114550000443986,7
MAHSEAMLES.NS,1.33,7.51,64.71,EMA,10/20,1.0173694588912596,9.494993880433581,0.6,-0.3230155185327287,-5.866040292204399,10
M&MFIN.NS,1.6,14.09,46.45,EMA,10/20,-1.16713444515123,8.514774550496536,0.3333333333333333,-0.5711181577607906,-6.753554744395696,12
M&M.NS,1.43,5.45,77.46,SMA,12/26,-7.382319260914905,5.242059038313552,0.125,-2.0338457611010146,-7.795845887173947,8
MANAPPURAM.NS,2.07,6.12,79.42,SMA,10/20,-5.185379626597109,8.291341645672395,0.36363636363636365,-0.671235725502205,-4.7262197976917335,11
MRPL.NS,4.95,18.81,75.17,SMA,12/26,9.515913887812456,17.644697529984967,0.3333333333333333,0.2015148595765601,-9.62244802038894,6
MANKIND.NS,1.81,5.98,80.85,SMA,10/20,0.6919684221981193,6.668746626966862,0.6,0.5088127863664871,-1.4836112708453086,5
MARICO.NS,0.85,2.9,79.58,SMA,10/20,15.529159832756312,7.713427832736705,0.75,0.2804839713295767,-4.819009063058177,8
MARUTI.NS,0.94,0.18,98.76,SMA,12/26,14.441321926508,6.340165080251986,0.6666666666666666,-0.12311275346329469,-2.7431906614785895,6
MFSL.NS,1.83,4.25,85.69,SMA,10/20,9.58339408565152,7.088846564039477,0.625,-0.44156309097508906,-5.54210884668469,8
MAXHEALTH.NS,1.22,8.8,60.52,EMA,50/100,4.408245981830916,5.739371956446283,1.0,-0.336869489245171,-4.409141109506399,1
MAZDOCK.NS,2.79,3.47,90.59,SMA,10/20,-7.460416344091081,6.737289539894639,0.2,-1.4224365856682901,-5.33605007493213,5
METROPOLIS.NS,2.03,3.8,88.87,SMA,12/26,-2.0798101224675736,6.039712302288705,0.2,-1.346505870053736,-8.719145009247619,5
MINDACORP.NS,2.46,6.53,81.25,SMA,10/20,3.1628544080507526,6.703807450566704,0.6,-0.06866650778225597,-2.7298430340255475,5
MSUMI.NS,2.28,16.39,62.39,EMA,12/26,10.30104451284144,7.921092526727098,0.6,0.1524223905379026,-2.873924900356628,5
MOTILALOFS.NS,3.31,12.92,76.07,SMA,10/20,3.320371887319551,10.803816578596393,0.42857142857142855,0.14131533656064316,-5.450394379177159,7
MPHASIS.NS,1.89,7.69,73.68,EMA,20/50,3.7726667663918523,7.656344691595865,0.4,-0.7284682433930495,-5.579631635969662,5
MCX.NS,2.61,16.78,60.25,EMA,10/20,3.5839905215423906,7.858757662943461,0.5,-0.24869668200878517,-7.872489959839369,8
MUTHOOTFIN.NS,2.15,18.16,41.82,EMA,20/50,-1.0043919840917126,5.301919922498404,0.42857142857142855,-0.4491416567417046,-3.197066345438049,7
NATCOPHARM.NS,2.24,9.07,76.94,SMA,10/20,-7.61000271435689,8.391731538868962,0.14285714285714285,-1.4171643747048914,-6.836199878534366,7
NBCC.NS,2.15,5.27,85.69,SMA,10/20,11.73920766015748,7.470931087920335,0.5555555555555556,-0.017092241855936982,-4.347451048046236,9
NCC.NS,2.12,6.96,77.88,SMA,10/20,1.2508762928343131,8.839454349945083,0.4,-0.5144139630035411,-5.505801515992436,5
NHPC.NS,2.23,8.06,76.65,SMA,12/26,1.6228373715780675,4.3886253741833094,0.5,-0.6346264799524002,-2.654158563093456,6
NLCINDIA.NS,2.49,8.13,79.16,SMA,10/20,2.312314822219852,6.167526660903292,0.6,-0.35085821021297187,-2.5043769505975644,5
NMDC.NS,2.32,5.09,85.83,SMA,20/50,11.934767228958165,5.693639779607378,0.8,0.5656561760118259,-1.7658509454949955,5
NSLNISP.NS,2.84,6.15,86.85,SMA,10/20,2.2519813424541235,6.924631210403377,0.5,-0.2477478921287942,-6.154496997593418,6
NTPCGREEN.NS,2.06,11.28,62.0,EMA,10/20,-6.56505087668422,8.17552569352997,0.25,-1.4683567926254315,-5.752319984469656,8
NTPC.NS,1.35,11.22,46.4,EMA,10/20,-2.0309968330951333,7.389936693141405,0.3333333333333333,-0.8048742904910288,-5.722056473321702,9
NH.NS,1.69,7.2,76.51,SMA,10/20,-0.8607785503376819,6.6145475424168225,0.4,-0.5908702519031527,-3.888940824530218,5
NATIONALUM.NS,2.58,11.01,73.57,EMA,10/20,5.783990478111889,7.272422595309299,0.7142857142857143,0.39914339904774265,-2.4966722415027065,7
NAVA.NS,2.82,5.36,88.56,SMA,10/20,3.6580915561325034,8.135256705433004,0.4,-0.2255362261745326,-4.232160326458867,5
NAVINFLUOR.NS,1.81,3.84,86.35,SMA,12/26,19.015147165136547,6.257147888286572,0.8571428571428571,-0.1574011206231004,-4.424050332628426,7
NESTLEIND.NS,1.04,2.54,84.74,SMA,10/20,5.679215938703841,6.971348757904386,0.4,-0.0032717190436692555,-3.913441848114596,10
NETWEB.NS,3.45,2.46,95.66,SMA,10/20,-8.586670089765846,4.911513433810558,0.3333333333333333,-3.7029962017497895,-10.716380392495973,6
NEULANDLAB.NS,2.65,12.79,72.29,EMA,12/26,-2.9360221012578624,6.399918918071079,0.6,-0.6509363840696738,-4.381453176228057,5
NEWGEN.NS,3.38,33.07,33.01,EMA,10/20,-12.689661849417321,7.542108378295516,0.2857142857142857,-3.4251834679684703,-17.600593359581428,7
NAM-INDIA.NS,2.34,4.13,89.58,SMA,10/20,-2.3613259179095514,5.614166831083913,0.3333333333333333,-1.2236801855513746,-4.143892675018545,6
NIVABUPA.NS,1.44,6.04,70.69,EMA,10/20,-3.6100891217295095,10.11638614593149,0.2857142857142857,-0.5172251594752785,-6.475906024748168,7
NUVAMA.NS,2.91,14.05,68.89,EMA,12/26,10.554474542475202,8.37749439745297,0.5714285714285714,0.4880431083288302,-3.2315581798353143,7
NUVOCO.NS,1.69,4.49,78.91,SMA,10/20,1.5555102359943174,3.8794258547540075,0.5,-1.4058275419322672,-2.0565552699228773,2
OBEROIRLTY.NS,2.09,15.29,48.73,EMA,10/20,1.0926063846782963,8.588148755262004,0.42857142857142855,-0.5057823305499424,-4.735632183908056,7
ONGC.NS,1.54,16.05,34.85,EMA,20/50,-3.4390591453021258,5.550860983152258,0.42857142857142855,-1.3453488895516654,-9.214985793425512,7
OIL.NS,3.24,15.1,69.95,EMA,20/50,0.13677773384659364,7.987152105347513,0.4,-0.20303707449439562,-5.75142855648243,5
OLAELEC.NS,3.21,27.57,44.63,EMA,10/20,13.441552125631006,19.152512129459893,0.3333333333333333,0.4608303891195806,-2.7397260273972712,3
OLECTRA.NS,3.06,13.15,69.64,EMA,12/26,2.5527803710592156,4.482590288455049,0.6,-0.9004614736993475,-2.7819863390824318,5
PAYTM.NS,2.25,10.62,71.41,EMA,10/20,4.678286702560941,7.041737302124991,0.4444444444444444,-0.16925679822869916,-9.310047322036297,9
ONESOURCE.NS,5.12,34.64,45.17,EMA,10/20,0.4486165235952244,6.777170108820883,0.42857142857142855,-1.3434312884690394,-5.308573905815528,7
OFSS.NS,2.31,4.05,89.67,SMA,10/20,-5.2604690526228515,7.388153668975704,0.2,-0.718355695156672,-5.49950941277586,10
POLICYBZR.NS,1.85,11.78,63.41,EMA,12/26,-5.504662525481208,8.166969240873499,0.4,-1.0977984903662932,-6.05682172962847,5
PCBL.NS,2.29,10.22,72.18,EMA,10/20,3.3628716190306607,8.510366229281255,0.4,-0.28920603285257007,-5.645088106476869,5
PGEL.NS,2.62,10.75,74.38,EMA,20/50,6.759062684372608,6.449681058530064,0.6666666666666666,-1.1788660206096593,-5.534411671424033,6
PIIND.NS,2.92,9.74,75.39,SMA,10/20,-4.972509296295858,6.076479387615048,0.375,-1.0722602107245627,-4.330481098559313,8
PNBHOUSING.NS,2.29,19.87,39.62,EMA,10/20,2.4745360182436116,7.922640166885528,0.42857142857142855,-0.03635392549746405,-3.00846694289324,7
PTCIL.NS,1.27,0.19,98.96,SMA,10/20,11.506208378733994,9.513957543431061,0.8,0.6124696370810377,-2.767874815074167,5
PVRINOX.NS,0.87,7.51,51.44,EMA,10/20,7.9705692994666455,5.249306056268475,0.7142857142857143,0.07565557342518746,-2.467011848236489,7
PAGEIND.NS,1.81,4.47,84.78,SMA,12/26,-5.729876251120791,6.2937253897654335,0.2,-1.3227074374486245,-5.973953738217297,5
PATANJALI.NS,1.63,13.41,42.84,EMA,10/20,-0.036799599999937094,8.902628552251599,0.3333333333333333,-0.02281617913822029,-3.3784170728361818,6
PERSISTENT.NS,2.69,5.3,86.6,SMA,12/26,6.623689294963442,6.215028393112093,0.625,0.17736225119157661,-3.0310146434741725,8
PETRONET.NS,1.47,3.2,83.59,SMA,12/26,-7.374610663639869,7.016919409963944,0.2857142857142857,-1.0933648231049564,-6.179682497550343,7
PFIZER.NS,1.41,6.56,72.76,EMA,12/26,6.295003574749702,4.983021332697725,0.75,-0.07586618150098867,-1.2473238387787244,4
PHOENIXLTD.NS,1.31,1.56,92.65,SMA,20/50,-2.635459355777292,5.723057910639518,0.4,-0.7636412986305924,-2.7212121212121354,5
PIDILITIND.NS,1.06,1.01,93.51,SMA,12/26,-12.234422818530655,6.004865276501947,0.25,-1.8733826451949454,-8.450257739371603,8
PPLPHARMA.NS,1.78,13.31,52.28,EMA,20/50,-3.0866829921951444,4.665999055473945,0.2,-1.8481243683338413,-5.620445154723597,5
POLYMED.NS,2.02,15.87,55.42,EMA,10/20,-3.7248876314777357,7.45096454252689,0.3333333333333333,-1.0129737871486544,-5.746811017044839,6
POLYCAB.NS,1.4,1.68,91.87,SMA,12/26,4.259575728347609,4.352464468872056,0.4,-1.0443733561715125,-3.34691850988158,5
POONAWALLA.NS,2.52,18.73,55.05,EMA,10/20,3.1404572054886337,8.618967312943692,0.4,-0.17994804445887455,-4.044704630122398,5
PFC.NS,1.71,8.4,69.45,EMA,20/50,-8.106817738706006,2.946066583360385,0.0,-3.412987213665534,-6.271405805207642,5
POWERGRID.NS,1.5,5.0,78.22,SMA,12/26,-4.23531526703429,8.198453220438493,0.2857142857142857,-0.6370104410267157,-8.387436324218223,7
PRAJIND.NS,2.24,12.97,67.18,EMA,10/20,-4.873874331640671,5.830195093606262,0.16666666666666666,-1.2543731887356977,-5.503551010375873,6
PREMIERENE.NS,3.56,6.8,87.87,SMA,10/20,-7.10686712523586,8.049630620870788,0.16666666666666666,-0.602942397170522,-5.204028423376905,6
PRESTIGE.NS,2.2,11.03,69.88,EMA,10/20,4.210490068653994,5.507249049485654,0.6666666666666666,-0.26222782159094854,-2.1506393812689817,3
PGHH.NS,1.09,9.02,51.17,EMA,10/20,-4.777240376247072,7.179356127218119,0.375,-1.4942853835083618,-5.500479039510964,8
PNB.NS,1.81,1.48,94.88,SMA,10/20,1.7900191490769712,7.9376821050451785,0.5555555555555556,-0.0876053964095099,-5.766665643051761,9
RRKABEL.NS,1.95,11.79,60.55,EMA,20/50,8.893769535308472,6.013096244158098,1.0,0.117463344062815,0.0,2
RBLBANK.NS,1.96,6.49,79.34,SMA,12/26,2.995740740375652,4.637050559099723,0.5,-0.8685849211792381,-3.0110197113145776,6
RECLTD.NS,1.78,3.29,87.87,SMA,10/20,2.7033719255327604,7.39390316736572,0.4444444444444444,-0.0040185185206132856,-5.552420396821612,9
RHIM.NS,3.19,10.32,80.76,SMA,12/26,-7.909954407883868,4.906273431948114,0.3333333333333333,-1.815768469986419,-5.579507160347674,6
RITES.NS,1.94,9.81,68.48,EMA,12/26,0.4880863909336064,8.186906592480284,0.4,-0.18621312064814244,-3.392657212459227,5
RADICO.NS,3.13,11.32,77.98,SMA,10/20,0.5443366268210292,6.451605475079031,0.3333333333333333,-1.2583444539990671,-5.934635219702933,6
RVNL.NS,2.48,10.58,71.35,EMA,10/20,6.668220734007946,9.735149170559355,0.6666666666666666,0.47491786076924025,-2.9829197829607024,6
RAILTEL.NS,2.75,9.01,79.6,SMA,10/20,9.14067389209572,9.199982257265988,0.6666666666666666,0.547766798060884,-1.2671755725190748,3
RAINBOW.NS,1.35,12.6,35.89,EMA,12/26,-4.398092629557626,9.386065510473006,0.4,-0.40312295156559075,-4.2357213497728585,5
RKFORGE.NS,1.66,3.38,87.23,SMA,10/20,-13.209406599094253,5.1176599796602895,0.0,-3.502496939472403,-10.496854312341242,5
RCF.NS,1.89,8.38,73.56,EMA,12/26,-11.209557453420294,6.668888497243611,0.3333333333333333,-1.7672314572187928,-6.878462188191303,9
REDINGTON.NS,2.17,3.47,90.26,SMA,10/20,2.925056343814303,6.522307031198079,0.6,-0.36698604293551806,-2.398324242983807,5
RELIANCE.NS,1.13,7.26,58.27,EMA,12/26,2.8059215270478832,6.589513945312715,0.42857142857142855,-0.9086139817376593,-5.15168078710031,7
RPOWER.NS,2.82,25.19,48.41,EMA,10/20,-5.585281870441239,9.578628967180668,0.4,-0.6889407523742151,-7.367178711711864,5
SBFC.NS,3.46,15.52,67.15,EMA,10/20,1.979032487720822,10.469924305803914,0.5714285714285714,-0.31759909368322026,-5.825357498943207,7
SBICARD.NS,1.07,10.02,44.07,EMA,20/50,-1.5694264754082532,4.166875006552862,0.3333333333333333,-1.5360792249976294,-6.420779883719529,3
SBILIFE.NS,1.08,7.91,58.46,EMA,12/26,-3.135352968001759,6.925140256972585,0.3,-0.6467740382288603,-3.828121429715281,10
SJVN.NS,2.58,19.43,57.4,EMA,10/20,-6.243166677681156,7.779300847857844,0.16666666666666666,-1.1207203647500643,-5.293782087849397,6
SKFINDIA.NS,1.26,8.82,58.19,EMA,50/100,3.7295999110185774,2.52331792926464,0.5,-2.451999587762511,-2.0443352809100257,2
SRF.NS,1.38,2.6,88.54,SMA,10/20,4.906055146460164,9.303232992573049,0.4444444444444444,-0.8046451250737124,-7.003693421149803,9
SAGILITY.NS,2.08,6.23,80.96,SMA,10/20,7.346132144002815,7.3289891414156525,0.5,-0.23341015300512022,-3.5820895522387985,8
SAILIFE.NS,2.54,12.07,72.15,EMA,10/20,1.1914367979082963,10.382373532201541,0.5,0.11619057411554864,-7.332637049890378,8
SAMMAANCAP.NS,2.14,3.14,90.59,SMA,10/20,0.8504756131991309,11.583824216201414,0.3333333333333333,0.20653491461364634,-2.414138046015324,6
SAPPHIRE.NS,2.81,20.27,59.84,EMA,12/26,-8.1745075805712,7.944276089869766,0.16666666666666666,-1.6941718643795531,-6.672364678419651,6
SARDAEN.NS,2.38,5.72,85.32,SMA,50/100,0.6906808832172207,3.179546734970426,1.0,-1.5156522038178537,-2.4101409390376194,1
SAREGAMA.NS,2.92,11.1,76.32,SMA,10/20,0.2938091715331659,3.639771452555194,0.5,-1.1719495393119115,-2.9687919163015164,4
SCHAEFFLER.NS,1.4,4.23,79.72,SMA,12/26,2.598988426583726,6.030749024864096,0.4,0.024003302631034517,-4.25386806005732,5
SCHNEIDER.NS,3.92,0.68,98.75,SMA,10/20,11.080718097393527,8.400050091109366,0.8,0.29660183801775114,-4.978267733572839,5
SCI.NS,2.63,5.68,86.45,SMA,10/20,10.275679027114126,14.861579235090533,0.42857142857142855,0.2893688653822664,-5.627616695859105,7
SHREECEM.NS,1.16,5.29,71.33,EMA,10/20,-7.588223294448926,9.546897164586486,0.36363636363636365,-0.6487434445304703,-9.151434512899325,11
SHRIRAMFIN.NS,1.58,5.22,79.69,SMA,12/26,-7.385554142455753,1.7342443991843233,0.2,-4.992817559373637,-3.1812763866919447,5
SHYAMMETL.NS,2.25,1.27,96.47,SMA,12/26,-1.1218742829381179,8.064652319740063,0.4,-0.9936822725675921,-8.981259128396267,5
ENRIN.NS,2.98,4.9,88.95,SMA,20/50,3.699999999999992,4.421250878668015,1.0,-0.24443041853642594,0.0,1
SIEMENS.NS,2.53,4.65,87.55,SMA,20/50,8.78542109829159,4.098751321188499,0.8,-0.336060887416413,-1.0884758364312352,5
SIGNATURE.NS,3.43,21.08,54.73,EMA,10/20,-8.184985728802442,7.272761717896774,0.125,-1.9156228270472395,-7.31738244822846,8
SOBHA.NS,3.15,9.84,79.05,SMA,10/20,6.0051373335325176,9.21458949590742,0.6,0.43736370555709236,-4.271773154115288,5
SOLARINDS.NS,2.28,2.86,91.96,SMA,10/20,11.91269205529817,6.606504331891778,0.5714285714285714,0.46097466460520625,-2.2710671330403276,7
SONACOMS.NS,2.41,3.76,87.92,SMA,10/20,-3.1297187292462003,9.973943497151456,0.3333333333333333,-0.7392431829068804,-8.436099707617794,6
SONATSOFTW.NS,2.28,13.95,63.3,EMA,10/20,-10.029420056771244,15.484627596558093,0.5,0.3934660791077192,-5.673283261802586,6
STARHEALTH.NS,1.66,2.04,91.38,SMA,10/20,4.310959837434436,5.333454961331581,0.6,-0.8620062825697278,-3.1067086897793694,5
SBIN.NS,1.13,2.12,86.71,SMA,10/20,6.4510734513635315,5.617632726926836,0.5714285714285714,-0.006169188727548374,-6.517493068508151,7
SAIL.NS,2.06,8.9,73.77,EMA,10/20,15.675238746080566,10.34098334227207,0.7,0.646390354964304,-9.550916398201458,10
SUMICHEM.NS,2.32,13.73,63.19,EMA,10/20,2.2693089000957123,5.534072481107984,0.6,0.23388181482402282,-2.199773413897288,5
SUNPHARMA.NS,1.08,3.7,74.62,SMA,10/20,1.2520974188719114,8.068314431189485,0.5,-0.035792715280780804,-5.033896198674281,8
SUNTV.NS,2.24,4.18,87.7,SMA,12/26,-3.7769806132726846,5.537214621931856,0.2,-1.259810174633352,-6.623121579465918,5
SUNDARMFIN.NS,2.7,0.09,99.73,SMA,12/26,-1.6166291633376129,8.806937987041465,0.6666666666666666,-0.5335567596711579,-8.308155611845514,6
SUNDRMFAST.NS,1.86,0.08,99.67,SMA,20/50,1.3158715730747117,5.679240375057367,0.5,-0.37832209288006813,-3.2600454890068242,2
SUPREMEIND.NS,1.7,0.18,99.27,SMA,20/50,1.6340890486203463,6.293203804142541,0.3333333333333333,-0.4257384981657163,-4.99051849246902,3
SUZLON.NS,2.15,12.45,64.8,EMA,10/20,9.231399504317528,7.373027821121539,0.5,0.3409932260764132,-2.721712444790614,6
SWANCORP.NS,2.57,12.69,68.2,EMA,50/100,-5.989820330366447,4.413285335108226,0.2,-2.5699201038701807,-5.12540762804562,5
SWIGGY.NS,2.36,19.03,54.59,EMA,50/200,5.6553349875930525,4.623584472552212,1.0,-0.32864564616340164,-1.859246318941854,1
SYNGENE.NS,1.88,4.27,85.88,SMA,10/20,0.9988112054222009,8.897005415187769,0.4444444444444444,-0.7798288278805621,-9.288088777159931,9
SYRMA.NS,3.3,2.55,93.8,SMA,10/20,4.5194217440979845,9.64392731628787,0.5555555555555556,-0.05962596472062052,-6.231600962703654,9
TBOTEK.NS,1.78,15.17,52.09,EMA,10/20,-1.7072550270655351,8.116917825922341,0.3333333333333333,-0.6525094442479636,-6.424686697765325,6
TVSMOTOR.NS,1.69,5.01,80.75,SMA,10/20,21.72018552577548,8.845599781157981,0.7777777777777778,0.8502059652285743,-4.666788197609306,9
TATACHEM.NS,1.86,2.1,93.02,SMA,12/26,2.5605812712161446,6.107121666611303,0.8,-0.7781271441730446,-5.336278804624084,5
TATACOMM.NS,3.2,18.71,63.27,EMA,20/50,2.592749452813181,9.064513045736295,0.4,-0.09732817368055979,-4.850787362415265,5
TCS.NS,2.65,4.92,83.67,SMA,10/20,-10.197566128482327,6.316454553814181,0.0,-1.5764072687327855,-8.277750292742192,5
TATACONSUM.NS,1.12,9.75,45.27,EMA,20/50,13.716306365176333,7.417004860200128,0.8,-0.24076845504769345,-3.7229397435308176,5
TATAELXSI.NS,2.06,0.41,98.51,SMA,12/26,-8.15160936206426,7.445714726002928,0.2857142857142857,-1.00032428864428,-7.395555569460033,7
TATAINVEST.NS,1.58,13.77,49.93,EMA,12/26,-4.804021307551576,3.7047631838354347,0.4,-3.120957970689257,-4.700287170217998,5
TMPV.NS,1.92,2.85,89.98,SMA,10/20,-2.7910567006063203,7.754240099432123,0.4,-0.9850481568002675,-7.480773380117601,5
TATAPOWER.NS,1.11,4.32,76.75,SMA,10/20,1.4228307623949554,8.738608498975035,0.4444444444444444,-0.32532003267423715,-6.957702991653503,9
TATASTEEL.NS,1.44,10.48,54.52,EMA,20/50,15.136609384112765,8.237532011303179,0.8,0.3612173215439197,-4.189044038668099,5
TATATECH.NS,1.84,0.8,97.15,SMA,10/20,-7.637843649505916,7.445860156407877,0.14285714285714285,-0.9320735035602914,-6.6342219840008205,7
TTML.NS,2.45,11.14,71.33,EMA,12/26,6.698910115436418,11.313506011685925,0.5,0.21956061791686585,-2.0203371688520044,2
TECHM.NS,2.41,9.06,75.29,SMA,12/26,5.283366587237759,6.491239122154445,0.42857142857142855,-0.05759810166674839,-3.6962490827685435,7
TECHNOE.NS,2.08,9.09,74.48,EMA,10/20,3.2962550218239572,3.9658040917893524,0.75,-1.0136979401479793,-2.404771065794531,4
TEJASNET.NS,4.81,26.98,61.34,EMA,12/26,7.06848748510156,9.562805972605812,0.3333333333333333,-0.1323044904853123,-2.5082767521463434,3
NIACL.NS,1.43,5.17,76.73,SMA,20/50,3.1836765688628255,1.6576596002371196,1.0,-3.9376432458971578,-1.2166205140876296,2
RAMCOCEM.NS,1.64,8.83,67.04,EMA,12/26,-3.8166655905970903,5.204373995615661,0.2,-1.533657059439279,-3.5472664106783625,5
THERMAX.NS,1.48,7.85,65.49,EMA,10/20,2.772081392952397,10.533343088260052,0.5,0.09798361960648791,-5.28573785820361,6
TIMKEN.NS,1.41,1.88,91.11,SMA,10/20,5.334944863108881,7.1510909885141665,0.5,-0.21850672580498257,-4.090330788804087,6
TITAGARH.NS,2.23,10.52,71.68,EMA,10/20,9.857375123603273,15.618711343055342,0.4444444444444444,0.2783147625103367,-6.111543450064838,9
TITAN.NS,1.42,2.66,88.15,SMA,10/20,9.616070817959343,7.158562392483716,0.45454545454545453,0.3138527249109704,-5.3819537182783534,11
TORNTPHARM.NS,1.56,3.82,85.13,SMA,10/20,1.6037424159663916,5.7951074134374,0.5555555555555556,-1.1313257427315093,-10.08248934357534,9
TORNTPOWER.NS,1.65,5.58,78.95,SMA,10/20,2.155522695557832,6.089193322449746,0.5,-0.6008048801576195,-6.063786549189798,8
TARIL.NS,3.1,29.26,48.85,EMA,20/50,0.8536047514092315,8.689762646092554,0.4,0.14763622662269876,-3.957933124986135,5
TRENT.NS,1.45,1.6,93.39,SMA,10/20,5.452662326934554,7.875847201861176,0.625,0.006869364668835897,-5.136567468406017,8
TRIDENT.NS,2.31,4.3,87.26,SMA,10/20,-5.312555503787553,4.865906705131039,0.16666666666666666,-2.018612620832088,-6.611588765063425,6
TRIVENI.NS,2.79,4.22,90.14,SMA,12/26,16.580396184565593,8.124692942048366,0.8,0.8998992395452585,-1.7041486241095027,5
TRITURBINE.NS,1.88,6.26,77.87,SMA,10/20,-10.148172102557474,7.613536331782576,0.16666666666666666,-1.692080301660387,-8.816691386338393,6
TIINDIA.NS,1.83,8.47,72.98,EMA,20/50,7.618373881295626,4.9920983623581225,1.0,-0.12440530472752066,-0.7391726818434141,2
UCOBANK.NS,1.41,5.45,76.35,SMA,12/26,-0.8801658150124791,4.584784200604738,0.4,-1.4407905885763095,-3.398452467933477,5
UNOMINDA.NS,2.27,11.85,68.67,EMA,10/20,8.754478107756537,8.127735949236744,0.6666666666666666,0.2597520584012435,-5.572941387676156,6
UPL.NS,1.42,6.99,67.69,EMA,12/26,-5.454998558277446,6.680845573507807,0.42857142857142855,-0.8080227489620071,-5.236857602557743,7
UTIAMC.NS,2.11,12.36,63.58,EMA,12/26,-2.9853646584060534,6.864280680111926,0.3333333333333333,-0.6698565856893417,-6.055083266179984,6
ULTRACEMCO.NS,1.07,7.37,61.95,EMA,10/20,2.1690846399391672,8.085839219378839,0.3,-0.2703147678784988,-5.83815470360366,10
UNIONBANK.NS,2.88,5.4,87.2,SMA,12/26,7.417762807781325,7.579131744579894,0.6,0.0013105810627840981,-4.816494723097509,5
UBL.NS,1.33,4.93,77.59,SMA,10/20,1.008988558270052,6.733558453467374,0.5,-0.008509876470211626,-3.274724145376795,6
UNITDSPR.NS,1.24,2.11,89.25,SMA,50/200,0.21385320463858104,2.077254458690244,1.0,-3.1501254487846055,-1.3663476210292735,1
USHAMART.NS,1.32,12.91,45.7,EMA,10/20,7.042822481746636,9.09025048574856,0.5,0.38050509651848585,-3.4478500362750353,6
VGUARD.NS,2.13,3.54,87.74,SMA,50/100,2.225906735751315,3.336476882800574,1.0,-1.0879499053537478,-1.2722005290338845,1
DBREALTY.NS,2.91,15.67,68.85,EMA,50/200,-1.1745868487592404,2.721128292558343,0.5,-2.2871642656239977,-1.7459021541166853,2
VTL.NS,2.24,5.08,85.09,SMA,12/26,20.134782828389497,19.391655293258655,0.6,0.707612012348268,-3.1912494361750143,5
VBL.NS,1.5,2.92,87.36,SMA,12/26,-1.5481933478209031,3.961448254624055,0.2,-1.97245142909595,-5.930842346651244,5
MANYAVAR.NS,1.3,16.22,36.97,EMA,20/50,0.33762626262627826,1.8910221260320061,1.0,-3.4117606439991452,-1.6331041257367507,1
VEDL.NS,2.55,10.03,75.68,SMA,10/20,-3.4755235688704977,9.250954667096995,0.5,-0.27383707250729683,-4.942707980202055,8
VENTIVE.NS,1.91,0.81,97.24,SMA,12/26,-4.386631195149904,6.063523000786998,0.3333333333333333,-0.8998186358802641,-4.3015762420888,6
VIJAYA.NS,1.53,8.91,68.09,EMA,12/26,-2.6688214972733104,10.548722210868968,0.375,-0.9492646442270142,-10.837668571375348,8
VMM.NS,1.76,9.42,67.1,EMA,50/100,3.2897435897435656,2.7676147168220386,1.0,-0.966906053612588,0.0,1
IDEA.NS,2.08,9.25,69.12,EMA,20/50,4.423143878285529,6.690267157703232,0.4,-0.8972180850935485,-4.63093415122775,5
VOLTAS.NS,2.17,1.25,96.34,SMA,20/50,-0.49014761588280775,5.481262225100257,0.2,-0.7875123049598911,-4.187661380807539,5
WAAREEENER.NS,3.52,2.98,94.39,SMA,10/20,6.048430049269293,10.850408338780499,0.6,-0.23398122785866923,-6.288479013205239,5
WELCORP.NS,2.52,5.94,83.94,SMA,10/20,-1.0963398642662048,5.622199111529213,0.4,-0.6131728064276392,-2.4520903517976422,5
WELSPUNLIV.NS,3.04,7.04,84.99,SMA,12/26,1.3237320245654383,8.908928966625691,0.4,0.45826899033071733,-4.331478417807166,5
WHIRLPOOL.NS,1.57,9.59,61.47,EMA,12/26,4.171241011778393,5.861526808222087,0.5,-0.7179014825575054,-4.92891749101897,6
WIPRO.NS,2.41,5.8,82.35,SMA,12/26,-9.87284900374683,6.528423543374403,0.2857142857142857,-0.8518171812114603,-4.646224526009313,7
WOCKPHARMA.NS,2.07,9.4,71.85,EMA,12/26,-2.852560676047877,12.719761770121602,0.3333333333333333,-0.4677453474213575,-5.318437249130314,6
YESBANK.NS,1.55,0.14,99.47,SMA,10/20,0.4082805163822423,7.11598292759761,0.3333333333333333,-1.0997987402742846,-11.233942978240696,6
ZFCVINDIA.NS,2.02,0.63,97.96,SMA,10/20,-1.2568913239808355,5.993674023239968,0.4,-0.9268946287796149,-6.4074638340291585,5
ZEEL.NS,4.78,22.99,68.52,EMA,12/26,-13.982146668986706,6.093010691760345,0.16666666666666666,-1.3208033954388865,-9.79256575189188,6
ZENTEC.NS,3.08,1.77,95.86,SMA,10/20,5.8464924985836,13.391255378549364,0.5,0.17877356043167986,-7.143142115505519,6
ZENSARTECH.NS,2.02,5.27,83.76,SMA,10/20,-4.545974422829979,7.828705272107802,0.4,-0.9748454579212311,-6.465111795306977,5
ZYDUSLIFE.NS,1.74,11.52,57.9,EMA,20/50,-4.218856077959899,3.9247069424429264,0.2,-1.762724128739875,-3.4426775643261465,5
ECLERX.NS,2.45,1.41,95.83,SMA,12/26,5.681039032757695,9.456191487995726,0.8,0.3012571690498334,-2.0610278372590884,5
Nifty 50,0.94,0.04,99.7,SMA,10/20,-11.16400475361049,7.115473195205871,0.35714285714285715,-1.0622400684479105,-8.911663487878652,14
Nifty 100,0.94,3.06,78.57,SMA,10/20,-9.099536612108638,6.6821511061836185,0.23076923076923078,-1.2774704229036329,-9.63891114662424,13
Nifty 500,1.18,0.74,95.62,SMA,10/20,-16.90135560514191,6.606602314252054,0.125,-1.8041652038254319,-9.499739964249931,8
Nifty Alpha 50,1.54,0.88,96.22,SMA,12/26,-15.590746138760014,3.634199596106169,0.0,-3.1438920850676557,-9.6320700760527,7
Nifty Auto,1.28,2.02,89.98,SMA,12/26,-6.342192889637433,6.465934152190399,0.3,-1.37908146241347,-10.04656939045725,10
Nifty Bank,0.98,1.47,90.1,SMA,20/50,-0.7959173264191599,4.8386653505227875,0.4,-1.0121517187521873,-8.945719199160996,5
Nifty Commodities,1.63,5.63,79.1,SMA,12/26,-1.192826548628434,6.4846825418849345,0.4444444444444444,-0.7233377223886162,-7.832464557594376,9
Nifty FMCG,1.08,1.06,93.97,SMA,10/20,-12.989371693915563,7.053321332099214,0.2857142857142857,-1.490624735533756,-11.05439225512801,14
Nifty Healthcare,1.05,3.63,75.74,SMA,10/20,-5.779110069042758,7.296233455968324,0.3076923076923077,-0.8124647969664037,-7.3732946736900455,13
Nifty IT,1.75,6.35,71.96,EMA,12/26,2.081551526015102,6.83075132408209,0.4,-0.3773072168096916,-4.153206690213684,5
Nifty Metal,2.26,7.65,78.38,SMA,20/50,20.345923811285815,7.450662725058844,0.8333333333333334,0.6119704541303308,-4.934435365994694,6
Nifty Midcap 100,1.29,0.41,97.76,SMA,10/20,-5.972075373197006,6.0544440623114735,0.2,-1.0667688722244009,-5.985015491956503,10
Nifty Midcap 150,1.25,0.27,98.47,SMA,12/26,-11.789294699289654,5.413769680858625,0.14285714285714285,-1.8123226084565967,-8.40606143119198,7
Nifty Midcap 50,1.31,0.43,97.75,SMA,12/26,-9.72573706846548,5.8349095361881345,0.14285714285714285,-1.5690017852379443,-7.37611468571907,7
Nifty MNC,0.98,2.18,85.22,SMA,20/50,6.112196923045166,4.661776811494559,0.6,-0.5083099166186432,-4.309896506560262,5
Nifty Next 50,1.29,0.83,95.7,SMA,10/20,-12.409626273847675,6.941273673501596,0.3076923076923077,-0.9121554976304466,-6.7152027267576075,13
Nifty Pharma,1.06,3.51,77.64,SMA,12/26,-10.873396818001435,6.004927684733472,0.18181818181818182,-1.3391687369373324,-5.904257287975279,11
Nifty PSE,1.7,5.88,76.97,SMA,10/20,12.981885955965833,7.120017434528486,0.5454545454545454,0.22936024019127813,-6.825619797500981,11
Nifty PSU Bank,1.86,3.2,88.23,SMA,10/20,-6.302109420366375,6.685573143297841,0.25,-1.0971885106670967,-13.820745964057036,16
Nifty Realty,2.09,5.62,82.21,SMA,10/20,5.144435771461642,8.231491213343459,0.35714285714285715,-0.27816646250572963,-5.490743763092921,14
Nifty200 Alpha 30,1.49,0.88,96.02,SMA,10/20,-17.40626968840204,6.676272667399397,0.14285714285714285,-1.8560922930743848,-15.458162629443073,14
Nifty200 Value 30,1.58,6.95,73.52,EMA,12/26,13.189837311822794,4.514499721177374,1.0,0.9407942311872872,-2.3758115600761465,3
Nifty50 Shariah,0.93,2.19,83.48,SMA,10/20,-8.710822602173174,7.5831096495863966,0.2857142857142857,-1.570997998958961,-7.11135381529423,7
Nifty50 Value 20,0.92,0.13,99.14,SMA,12/26,-7.336063871379672,6.910369446002411,0.4,-0.9161220268562731,-7.28609650311034,10
