Date,Open,High,Low,Close,Volume,Dividends,Stock Splits,MA_Fast,MA_Slow,Signal,Crossover
2025-01-21 00:00:00+05:30,1136.9249326414338,1138.5208024262577,1102.1643878379564,1109.6451416015625,112376,0.0,0.0,1109.6451416015625,1109.6451416015625,0,
2025-01-22 00:00:00+05:30,1107.151469431015,1116.826528163763,1053.0406881547692,1067.0047607421875,206255,0.0,0.0,1101.892345081676,1105.5841529482886,-1,-1.0
2025-01-23 00:00:00+05:30,1067.204212984561,1074.0865303455917,1045.609869280308,1054.4371337890625,480569,0.0,0.0,1093.2641248466552,1100.7130082664576,-1,0.0
2025-01-24 00:00:00+05:30,1062.7656884857668,1091.1426307143583,1021.5716248280304,1028.15478515625,322798,0.0,0.0,1081.4260630847632,1093.8027013035808,-1,0.0
2025-01-27 00:00:00+05:30,1023.8657477235188,1029.8004298526082,994.4913115142456,1015.287841796875,628514,0.0,0.0,1069.4009319415109,1086.3250956362754,-1,0.0
2025-01-28 00:00:00+05:30,1014.5896761109302,1026.3593828050984,981.7740796562268,1011.2981567382812,232190,0.0,0.0,1058.836790995469,1079.1796728840854,-1,0.0
2025-01-29 00:00:00+05:30,1010.4003757538584,1204.2017995889332,1010.4003757538584,1090.2449951171875,858010,0.0,0.0,1064.5473735630542,1080.2335130967617,-1,0.0
2025-01-30 00:00:00+05:30,1178.9667194845322,1178.9667194845322,1098.2245042768006,1111.04150390625,1270911,0.0,0.0,1073.0008518072716,1083.1676074595703,-1,0.0
2025-01-31 00:00:00+05:30,1122.1130458295538,1172.9821705738268,1105.8548258849337,1168.044921875,327844,0.0,0.0,1090.2815918195859,1091.2511612134208,-1,0.0
2025-02-01 00:00:00+05:30,1151.188216278072,1181.659745063601,1131.2893394037676,1160.8134765625,140834,0.0,0.0,1103.105570863752,1097.8761436276188,1,2.0
2025-02-03 00:00:00+05:30,1136.4261998986522,1223.0533029234796,1133.1845399795643,1160.264892578125,850571,0.0,0.0,1113.4981748118198,1103.8179292419527,1,0.0
2025-02-04 00:00:00+05:30,1163.1075221048238,1199.3144175072096,1142.5604103126807,1155.1280517578125,320510,0.0,0.0,1121.0672433474547,1108.7046075767964,1,0.0
2025-02-05 00:00:00+05:30,1156.9732265595396,1170.937299022726,1146.0513757286528,1155.6766357421875,225116,0.0,0.0,1127.3598601464969,1113.1781340687385,1,0.0
2025-02-06 00:00:00+05:30,1159.7661853032623,1166.1497861637615,1119.868832121469,1152.5347900390625,168771,0.0,0.0,1131.9371201269632,1116.926387018293,1,0.0
2025-02-07 00:00:00+05:30,1146.250908793882,1160.613980298055,1127.050307565365,1143.75732421875,177852,0.0,0.0,1134.0862481436516,1119.4817143707176,1,0.0
2025-02-10 00:00:00+05:30,1143.657578633403,1145.0540103144665,1095.1823199697596,1102.5633544921875,326258,0.0,0.0,1128.3548129342944,1117.8704420013337,1,0.0
2025-02-11 00:00:00+05:30,1102.1643570817162,1103.6105873994986,1051.2952329087138,1055.7337646484375,152773,0.0,0.0,1115.1509859732294,1111.9526632058198,1,0.0
2025-02-12 00:00:00+05:30,1058.2273404212017,1063.6634276803702,1010.3007194300894,1023.466796875,387091,0.0,0.0,1098.481133409915,1103.52543784098,-1,-2.0
2025-02-13 00:00:00+05:30,1023.4170106542824,1059.5739863092122,1009.6523753573072,1023.5665283203124,117903,0.0,0.0,1084.8602961208962,1095.9103036009164,-1,0.0
2025-02-14 00:00:00+05:30,1023.5665150040336,1034.6879262053096,1001.4235333869452,1014.190673828125,115001,0.0,0.0,1072.011273885847,1088.1274817177934,-1,0.0
2025-02-17 00:00:00+05:30,1016.3351608655204,1016.3850203787443,976.4876692353196,984.766357421875,168479,0.0,0.0,1056.1485618014883,1078.2835651181822,-1,0.0
2025-02-18 00:00:00+05:30,985.4646038703254,993.2445754093854,963.5210600594476,971.3508911132812,142683,0.0,0.0,1040.7308034945415,1068.0995009272392,-1,0.0
2025-02-19 00:00:00+05:30,972.3982001701016,1026.0600635801704,965.9647402212604,1021.2225341796876,266869,0.0,0.0,1037.1838454372953,1063.6350279036628,-1,0.0
2025-02-20 00:00:00+05:30,1012.395269193246,1041.769644803471,1002.4707910781588,1014.39013671875,201857,0.0,0.0,1033.0395347611961,1058.9450382670045,-1,0.0
2025-02-21 00:00:00+05:30,1015.3876077973816,1048.552281627699,998.431233207445,1003.46826171875,132979,0.0,0.0,1027.6629396625694,1053.6615357385992,-1,0.0
2025-02-24 00:00:00+05:30,1003.5181217111495,1017.7315533594862,982.4722928850236,994.6908569335938,150450,0.0,0.0,1021.6680155300284,1048.045280614313,-1,0.0
2025-02-25 00:00:00+05:30,994.4414960653208,997.832795328088,966.8624272142044,973.6948852539062,145434,0.0,0.0,1012.945628207097,1040.9642905799885,-1,0.0
2025-02-27 00:00:00+05:30,970.503080558055,1002.4209619330372,964.5683373141889,976.58740234375,137785,0.0,0.0,1006.3350416864885,1034.8331583670135,-1,0.0
2025-02-28 00:00:00+05:30,967.460886329596,998.23169343099,929.8077619424528,944.61962890625,315086,0.0,0.0,995.1140575446269,1026.2413936564647,-1,0.0
2025-03-03 00:00:00+05:30,944.5698051290308,958.0850208936616,922.2771841323596,937.5877685546876,173961,0.0,0.0,984.6547322737288,1017.7981912658192,-1,0.0
2025-03-04 00:00:00+05:30,926.7157140494472,954.1950637886956,912.502282478882,945.866455078125,105041,0.0,0.0,977.6023182381643,1010.9475497241341,-1,0.0
2025-03-05 00:00:00+05:30,943.27311272757,974.4927770320104,937.5877281577172,962.623291015625,262443,0.0,0.0,974.8788587431571,1006.3452393709429,-1,0.0
2025-03-06 00:00:00+05:30,976.138622456315,995.9875187471488,953.297363857111,955.7410888671876,129279,0.0,0.0,971.3992642202535,1001.5257964658233,-1,0.0
2025-03-07 00:00:00+05:30,967.5107415098552,992.596224777732,943.8216898491756,951.90087890625,536807,0.0,0.0,967.854103254071,996.7996138411021,-1,0.0
2025-03-10 00:00:00+05:30,951.9009294663624,972.7971799010742,940.7795790441756,954.74365234375,151043,0.0,0.0,965.4703849067398,992.7942841746876,-1,0.0
2025-03-11 00:00:00+05:30,947.5122574341586,962.5236240585368,921.9280559251292,950.3549194335938,173570,0.0,0.0,962.7221184570769,988.7524399136311,-1,0.0
2025-03-12 00:00:00+05:30,950.3548809285444,978.4326658182466,939.383109492622,973.9442138671876,293594,0.0,0.0,964.7624994407333,987.3421326711126,-1,0.0
2025-03-13 00:00:00+05:30,969.5056105528752,973.4953455757268,937.5877303700646,948.0109252929688,284025,0.0,0.0,961.7167586865943,983.5963033970037,-1,0.0
2025-03-17 00:00:00+05:30,958.7333866922106,958.7333866922106,928.6108735693572,934.2463989257812,319570,0.0,0.0,956.722147820992,978.8963124949825,-1,0.0
2025-03-18 00:00:00+05:30,934.2463989257812,934.2463989257812,934.2463989257812,934.2463989257812,0,0.0,0.0,952.6356480218626,974.6439397741061,-1,0.0
2025-03-19 00:00:00+05:30,947.5122577847978,952.5492863378946,934.1466204104256,945.9662475585938,439275,0.0,0.0,951.4230297558137,971.9127309916764,-1,0.0
2025-03-20 00:00:00+05:30,957.4865403315142,962.523568592485,945.0684779703416,954.79345703125,518181,0.0,0.0,952.0358347149838,970.2823239478263,-1,0.0
2025-03-21 00:00:00+05:30,956.5389963903864,984.0681444064154,940.5800558875228,961.3765258789062,1655532,0.0,0.0,953.7341421993333,969.4341527031672,-1,0.0
2025-03-24 00:00:00+05:30,972.4979271020547,1027.3567845283246,972.4979271020547,991.0501708984376,1406554,0.0,0.0,960.5188746900794,971.4928211027168,-1,0.0
2025-03-25 00:00:00+05:30,1022.21996715097,1055.135281313607,969.505617154036,976.8367309570312,1123876,0.0,0.0,963.485757647707,972.0017648983659,-1,0.0
2025-03-26 00:00:00+05:30,981.4748315029456,1001.4235069399974,969.1565487719766,973.495361328125,332416,0.0,0.0,965.3056855896011,972.1440121773906,-1,0.0
2025-03-27 00:00:00+05:30,970.5030950119644,993.4440725918976,964.1194942904846,990.8507690429688,261338,0.0,0.0,969.9502462174861,973.9256080693503,-1,0.0
2025-03-28 00:00:00+05:30,990.8507538172826,997.4337924963476,960.0300252777346,974.1437377929688,226342,0.0,0.0,970.7126992312102,973.9463823287426,-1,0.0
2025-04-01 00:00:00+05:30,982.1730541743494,982.1730541743494,949.9559552943464,955.9904174804688,334660,0.0,0.0,968.0359207310753,972.2362904384308,-1,0.0
2025-04-02 00:00:00+05:30,955.99040673004,999.1792766913296,955.5415493589156,976.387939453125,618270,0.0,0.0,969.5544695896297,972.6316855826874,-1,0.0
2025-04-03 00:00:00+05:30,975.4902438471748,988.7062415271084,962.673244033518,983.3699951171876,122198,0.0,0.0,972.0663833219129,973.6543817288302,-1,0.0
2025-04-04 00:00:00+05:30,982.3226249879424,986.4619994888764,943.173349477388,946.6643676757812,200643,0.0,0.0,967.4478350226161,971.0839041999684,-1,0.0
2025-04-07 00:00:00+05:30,857.7431892987321,916.2426438330332,849.813578590405,893.551025390625,307363,0.0,0.0,954.0120514531632,963.6998205038404,-1,0.0
2025-04-08 00:00:00+05:30,941.876733142714,941.876733142714,907.664765688618,921.5789794921876,653284,0.0,0.0,948.1151292784402,959.6883118360639,-1,0.0
2025-04-09 00:00:00+05:30,918.835983902268,927.0648123507528,900.7325369641916,907.016357421875,112204,0.0,0.0,940.6426253045192,954.6719352251887,-1,0.0
2025-04-11 00:00:00+05:30,917.988167562691,937.2386884814548,904.7223102838872,932.2015991210938,893045,0.0,0.0,939.1078932711691,952.531903215275,-1,0.0
2025-04-15 00:00:00+05:30,945.6669436663316,973.6450099336478,933.5980192644306,970.1539916992188,249701,0.0,0.0,944.7526384399054,954.210197356603,-1,0.0
2025-04-16 00:00:00+05:30,970.3534582438072,983.0707393283412,964.1194969278592,980.6270751953124,169014,0.0,0.0,951.2752633045247,956.7260904840991,-1,0.0
2025-04-17 00:00:00+05:30,978.4326608228108,990.4517254769112,973.4953515261482,983.1704711914062,331762,0.0,0.0,957.0743920112304,959.2446029324141,-1,0.0
2025-04-21 00:00:00+05:30,983.4697268045828,1009.4030056047036,977.2856250688484,1005.9119873046876,316163,0.0,0.0,965.9539547918589,963.6891157297734,1,2.0
2025-04-22 00:00:00+05:30,1016.0359485457266,1036.3337017011677,1010.8991402060956,1031.1470947265625,302361,0.0,0.0,977.807252961805,970.1136851580391,1,0.0
2025-04-23 00:00:00+05:30,1036.3337361023168,1050.7965264521565,1024.863247204168,1046.0587158203125,437071,0.0,0.0,990.21660984517,977.3465452211127,1,0.0
2025-04-24 00:00:00+05:30,1042.1686256773428,1058.1275656213156,1020.3747226677646,1034.73779296875,202301,0.0,0.0,998.3113704130935,982.8123783399353,1,0.0
2025-04-25 00:00:00+05:30,1039.874634940545,1045.210881306483,996.4862046779688,1020.374755859375,229473,0.0,0.0,1002.3228950396901,986.389747627501,1,0.0
2025-04-28 00:00:00+05:30,1020.374748942381,1041.3208581582069,1009.3531179354728,1022.2698974609376,200118,0.0,0.0,1005.9496227526442,989.806904754495,1,0.0
2025-04-29 00:00:00+05:30,1031.3964352962955,1037.2313984808573,992.4465979986536,1011.49755859375,194298,0.0,0.0,1006.958338360118,991.8726813106146,1,0.0
2025-04-30 00:00:00+05:30,1018.0806370793548,1039.8246805741696,993.6435102936788,1025.9603271484375,449921,0.0,0.0,1010.4132454125396,995.1191237713596,1,0.0
2025-05-02 00:00:00+05:30,1008.9042841136152,1019.975774891874,985.4645899201698,986.3623046875,92124,0.0,0.0,1006.040347098896,994.2851410014681,1,0.0
2025-05-05 00:00:00+05:30,987.7586767051984,1020.5742729683348,983.3700045267956,1018.0806884765624,220541,0.0,0.0,1008.2295000766535,996.5513836181437,1,0.0
2025-05-06 00:00:00+05:30,1018.0806980705988,1025.9603886117388,990.1525514995624,994.74072265625,342171,0.0,0.0,1005.7769950911255,996.378939717011,1,0.0
2025-05-07 00:00:00+05:30,987.5591468343362,1020.3747420695069,985.4645602782724,1015.3875732421876,79780,0.0,0.0,1007.5243729367731,998.1892857670279,1,0.0
2025-05-08 00:00:00+05:30,1017.2827657739998,1024.5639595227708,982.572020530824,1000.1268920898438,84741,0.0,0.0,1006.1793764191495,998.3738197025341,1,0.0
2025-05-09 00:00:00+05:30,992.4465925870596,1020.2750188813632,975.5899376680904,1013.8914184570312,200584,0.0,0.0,1007.5815658805825,999.8516862505815,1,0.0
2025-05-12 00:00:00+05:30,1028.3542323860652,1043.4154581889022,1024.065218407531,1036.034423828125,249067,0.0,0.0,1012.7548127801356,1003.2976612579665,1,0.0
2025-05-13 00:00:00+05:30,1039.0266824578869,1085.0084754635147,1035.4359453307725,1077.62744140625,331108,0.0,0.0,1024.5498361667019,1010.3766879387555,1,0.0
2025-05-14 00:00:00+05:30,1078.2258854121612,1101.4661405258075,1066.0572423462222,1089.3970947265625,335869,0.0,0.0,1036.3402468139493,1017.9024409661656,1,0.0
2025-05-15 00:00:00+05:30,1092.1899937182668,1107.05178145452,1047.3054734284751,1062.36669921875,455124,0.0,0.0,1041.0723290693677,1022.1371322283164,1,0.0
2025-05-16 00:00:00+05:30,1067.254205210044,1118.9213266510735,1054.0881272691552,1105.755126953125,692353,0.0,0.0,1052.8328377755054,1030.1007507735362,1,0.0
2025-05-19 00:00:00+05:30,1113.2358495448714,1124.606619315526,1090.693869819537,1112.338134765625,335846,0.0,0.0,1063.6519826827998,1037.9328825823065,1,0.0
2025-05-20 00:00:00+05:30,1117.5248627728947,1119.719168447551,1093.1874535076277,1107.4508056640625,312484,0.0,0.0,1071.6154050430293,1044.5536371615215,1,0.0
2025-05-21 00:00:00+05:30,1112.2383549795418,1121.6142566206215,1091.0928080928934,1107.949462890625,169713,0.0,0.0,1078.2215973789557,1050.5913348500076,1,0.0
2025-05-22 00:00:00+05:30,1106.154103180805,1113.0364208703113,1087.7015775641726,1097.775634765625,182004,0.0,0.0,1081.7768769038046,1055.085077699114,1,0.0
2025-05-23 00:00:00+05:30,1099.5709864406374,1111.440472374832,1083.512327474162,1087.4022216796875,307846,0.0,0.0,1082.799666863056,1058.162900935359,1,0.0
2025-05-26 00:00:00+05:30,1087.4022999840925,1103.0620839852952,1076.2310899221995,1080.2208251953125,156019,0.0,0.0,1082.33078655983,1060.263655626783,1,0.0
2025-05-27 00:00:00+05:30,1080.2208466351403,1088.6990342587774,1065.0599009992256,1074.5355224609375,214656,0.0,0.0,1080.9134658145767,1061.6228810395596,1,0.0
2025-05-28 00:00:00+05:30,1084.1108146957802,1089.895857644857,1068.451031080864,1083.9112548828125,234247,0.0,0.0,1081.4585183724378,1063.7455833103456,1,0.0
2025-05-29 00:00:00+05:30,1087.202881942942,1110.1438601857749,1077.8269795270678,1105.755126953125,436844,0.0,0.0,1085.8760835689263,1067.7464922287056,1,0.0
2025-05-30 00:00:00+05:30,1115.629682471076,1116.2281183874193,1078.525194573161,1091.591552734375,377017,0.0,0.0,1086.915259780826,1070.0174503721028,1,0.0
2025-06-02 00:00:00+05:30,1095.481539355304,1184.851579250878,1082.913776664932,1173.2813720703125,919235,0.0,0.0,1102.6181892880054,1079.852109581456,1,0.0
2025-06-03 00:00:00+05:30,1174.9769445758775,1236.0198407016185,1157.02313727336,1228.7386474609375,782498,0.0,0.0,1125.5491816830838,1094.0317798556923,1,0.0
2025-06-04 00:00:00+05:30,1221.8564127067448,1223.7515612901093,1193.9282661305906,1209.88720703125,431650,0.0,0.0,1140.8833681100232,1105.0656300628882,1,0.0
2025-06-05 00:00:00+05:30,1214.874290221889,1328.5817361047257,1191.135318606688,1257.96337890625,2860767,0.0,0.0,1162.1706428002462,1119.6273204289228,1,0.0
2025-06-06 00:00:00+05:30,1256.7665293518926,1321.599723326395,1244.5978862625752,1274.7203369140625,1027462,0.0,0.0,1182.6342235482127,1134.3980839036979,1,0.0
2025-06-09 00:00:00+05:30,1278.6103685025885,1281.802107849759,1243.2014698229982,1249.4852294921875,545348,0.0,0.0,1194.7889519016626,1145.358764435935,1,0.0
2025-06-10 00:00:00+05:30,1252.377800873368,1266.9403093734088,1220.2604826024403,1227.940673828125,371317,0.0,0.0,1200.8165377064738,1153.2237081875721,1,0.0
2025-06-11 00:00:00+05:30,1236.0198366175246,1249.6847518512957,1222.3550431408014,1231.6312255859375,275667,0.0,0.0,1206.4192082300126,1160.6910907969402,1,0.0
2025-06-12 00:00:00+05:30,1231.7310360924955,1241.2066572857425,1191.135406978773,1206.99462890625,363470,0.0,0.0,1206.5238301711465,1165.1009515692556,1,0.0
2025-06-13 00:00:00+05:30,1171.9846965187307,1191.9333722041558,1167.1969656514073,1182.3580322265625,350891,0.0,0.0,1202.1300487266767,1166.7444830604277,1,0.0
2025-06-16 00:00:00+05:30,1188.1430429740344,1208.789994804046,1167.1969340710675,1192.8310546875,207427,0.0,0.0,1200.4393225377355,1169.2289184534823,1,0.0
2025-06-17 00:00:00+05:30,1193.5292322585285,1204.900001658705,1171.9846870438562,1174.478271484375,202410,0.0,0.0,1195.7191314371244,1169.7288568373767,1,0.0
2025-06-18 00:00:00+05:30,1177.8695680110195,1192.93079364628,1158.7187664969144,1164.703369140625,142812,0.0,0.0,1190.0799019286699,1169.2502389614956,1,0.0
2025-06-19 00:00:00+05:30,1163.0077771710455,1168.3939438867133,1123.1104263246978,1132.486328125,301179,0.0,0.0,1179.6083430552753,1165.7489141199244,1,0.0
2025-06-20 00:00:00+05:30,1138.07198234577,1168.3939946580151,1133.2842513333417,1141.6627197265625,307984,0.0,0.0,1172.709138813691,1163.4549908443662,1,0.0
2025-06-23 00:00:00+05:30,1138.071939730631,1155.028313942218,1131.9876180414133,1139.36865234375,149718,0.0,0.0,1166.6472321827925,1161.1610538443074,1,0.0
2025-06-24 00:00:00+05:30,1157.0231941068591,1171.9847009272064,1133.384062033532,1139.4683837890625,311048,0.0,0.0,1161.7056233839326,1159.0950852676174,1,0.0
2025-06-25 00:00:00+05:30,1147.9465648070725,1159.417053307585,1133.4837749586,1155.0283203125,102608,0.0,0.0,1160.4915682800356,1158.707774319511,1,0.0
2025-06-26 00:00:00+05:30,1162.7085529146518,1165.4016972774282,1123.1104790437305,1125.1053466796875,205629,0.0,0.0,1154.057709807245,1155.5075431157181,-1,-2.0
2025-06-27 00:00:00+05:30,1134.082236850069,1139.5681227803022,1102.5633529477757,1106.453369140625,210370,0.0,0.0,1145.4023751405866,1150.8357170228521,-1,0.0
2025-06-30 00:00:00+05:30,1119.6193863112746,1119.6193863112746,1100.6681450285002,1106.9520263671875,229763,0.0,0.0,1138.4114026363322,1146.6563179127888,-1,0.0
2025-07-01 00:00:00+05:30,1108.0492734166528,1112.9367235673444,1085.706731125677,1092.09033203125,279900,0.0,0.0,1129.9893897990446,1141.4595573526422,-1,0.0
2025-07-02 00:00:00+05:30,1097.07745266089,1106.652792716944,1052.9908059806191,1056.5816650390625,273376,0.0,0.0,1116.642530751775,1133.3759485608725,-1,0.0
2025-07-03 00:00:00+05:30,1059.3743716664403,1067.2541227182942,1043.7147103443288,1048.5023193359375,299266,0.0,0.0,1104.2534014034409,1125.2927457775454,-1,0.0
2025-07-04 00:00:00+05:30,1055.284990094938,1076.1313814529512,1040.921918619361,1070.5457763671875,370382,0.0,0.0,1098.1247423059401,1120.0787486908446,-1,0.0
2025-07-07 00:00:00+05:30,1075.1339117687191,1095.1823066928328,1066.7554435409695,1088.7987060546875,164723,0.0,0.0,1096.429099351167,1117.0996970112105,-1,0.0
2025-07-08 00:00:00+05:30,1095.581299295154,1122.1130137579305,1088.7987008202842,1118.0235595703125,461833,0.0,0.0,1100.355364845557,1117.1876839216013,-1,0.0
2025-07-09 00:00:00+05:30,1116.1283509144114,1121.514517441815,1072.2412665174193,1074.6351318359375,292934,0.0,0.0,1095.678958843808,1113.135059913443,-1,0.0
2025-07-10 00:00:00+05:30,1083.9112609604688,1095.5813094661244,1065.2592976170008,1077.1287841796875,175561,0.0,0.0,1092.3061998139679,1109.7058907959424,-1,0.0
2025-07-11 00:00:00+05:30,1073.0392956518667,1077.1287497467206,1050.4971951034029,1060.2720947265625,582716,0.0,0.0,1086.4818170708031,1104.9979102179063,-1,0.0
2025-07-14 00:00:00+05:30,1067.653176525459,1092.1900239448637,1060.5714208129357,1082.115966796875,243489,0.0,0.0,1085.688026111907,1102.8186775111415,-1,0.0
2025-07-15 00:00:00+05:30,1092.0902111961905,1099.271685322199,1078.4252960926672,1088.2001953125,372202,0.0,0.0,1086.1447841483784,1101.4264411112708,-1,0.0
2025-07-16 00:00:00+05:30,1095.5812953715902,1135.0796489630045,1094.1848637191704,1112.138671875,721318,0.0,0.0,1090.8709455532187,1102.4466535649594,-1,0.0
2025-07-17 00:00:00+05:30,1121.015878467148,1139.0694059971272,1106.2538094414203,1128.8956298828125,679931,0.0,0.0,1097.7845245222356,1104.9656036904692,-1,0.0
2025-07-18 00:00:00+05:30,1133.8827433318363,1133.8827433318363,1104.6578855573853,1108.9468994140625,372109,0.0,0.0,1099.8140472298405,1105.3447747117636,-1,0.0
2025-07-21 00:00:00+05:30,1120.118179379314,1122.113047018458,1090.7936007324868,1098.7730712890625,185712,0.0,0.0,1099.6247788769717,1104.718898195316,-1,0.0
2025-07-22 00:00:00+05:30,1116.9264367682574,1125.9033411195603,1082.2156912403968,1084.11083984375,379773,0.0,0.0,1096.8040626891132,1102.7562259713573,-1,0.0
2025-07-23 00:00:00+05:30,1085.207950739151,1086.8038204329453,1025.860640933104,1046.70703125,1193958,0.0,0.0,1087.6955115183653,1097.418207426466,-1,0.0
2025-07-24 00:00:00+05:30,1052.2926438024467,1067.2541505863676,1047.305474874473,1058.4766845703125,205751,0.0,0.0,1082.3829975278102,1093.7094909639752,-1,0.0
2025-07-25 00:00:00+05:30,1055.1852651776994,1064.3616076419069,1038.3286092259812,1054.885986328125,323273,0.0,0.0,1077.3835409460492,1090.0120143319896,-1,0.0
2025-07-28 00:00:00+05:30,1056.6813816148444,1056.6813816148444,1006.7099122022288,1011.1983642578124,557612,0.0,0.0,1065.3498724572787,1082.505952420163,-1,0.0
2025-07-29 00:00:00+05:30,1003.4184041623436,1023.367080189428,991.3494795173688,1006.4107055664062,459388,0.0,0.0,1054.633660295302,1075.2587860531387,-1,0.0
2025-07-30 00:00:00+05:30,1006.4106698997824,1012.3952724958168,962.52358419553,984.6666259765624,510640,0.0,0.0,1041.9123813282583,1066.630961283941,-1,0.0
2025-07-31 00:00:00+05:30,957.436703876562,1008.904262256163,956.4392701027052,1005.2137451171876,630051,0.0,0.0,1035.2399020171545,1060.781702601393,-1,0.0
2025-08-01 00:00:00+05:30,1001.4234883923582,1011.796823778908,975.0912129517468,980.1781616210938,216706,0.0,0.0,1025.2286764905978,1053.1051748889834,-1,0.0
2025-08-04 00:00:00+05:30,980.277899942465,993.4440379219552,967.1117619629748,982.771484375,124957,0.0,0.0,1017.5091870150345,1046.4067281733658,-1,0.0
2025-08-05 00:00:00+05:30,988.3571706196932,994.6409913448762,969.10664969669,990.2522583007812,124464,0.0,0.0,1012.5533817942612,1041.0586834235958,-1,0.0
2025-08-06 00:00:00+05:30,989.454306141427,995.837906661492,961.5261604035642,966.214111328125,250041,0.0,0.0,1004.1280598913273,1033.9306289383128,-1,0.0
2025-08-07 00:00:00+05:30,953.6464178637568,966.413619019621,937.5877582703248,951.6515502929688,205043,0.0,0.0,994.5868763279893,1026.0945262101848,-1,0.0
2025-08-08 00:00:00+05:30,951.6515575365124,960.329243711196,940.7795657200816,945.3677368164062,711610,0.0,0.0,985.6379418713377,1018.4062605536344,-1,0.0
2025-08-11 00:00:00+05:30,957.536417125171,965.1168894093348,945.5672119111064,958.8330688476562,127382,0.0,0.0,980.7643285943046,1012.7326232483031,-1,0.0
2025-08-12 00:00:00+05:30,966.1143464454914,975.3905294126238,950.9534015120208,971.7000122070312,123311,0.0,0.0,979.1162710693458,1008.8247555300867,-1,0.0
2025-08-13 00:00:00+05:30,979.7999877929688,980.0,956.4000244140624,966.2000122070312,175538,2.5,0.0,976.7678603671067,1004.7652561659862,-1,0.0
2025-08-14 00:00:00+05:30,985.0,1006.5999755859376,894.0999755859375,937.5999755859376,3201681,0.0,0.0,969.6464267705304,998.3685627774101,-1,0.0
2025-08-18 00:00:00+05:30,943.0,972.4000244140624,932.5,962.5999755859376,492360,0.0,0.0,968.3652538278772,994.9620306639365,-1,0.0
2025-08-19 00:00:00+05:30,966.4000244140624,967.0,941.7000122070312,955.7000122070312,634512,0.0,0.0,966.062482624087,991.2227908108979,-1,0.0
2025-08-20 00:00:00+05:30,962.4000244140624,963.0999755859376,955.0,956.2999877929688,93637,0.0,0.0,964.2874835638836,987.8968095710951,-1,0.0
2025-08-21 00:00:00+05:30,959.5999755859376,971.4000244140624,949.7999877929688,967.5999755859376,233516,0.0,0.0,964.8897548406208,985.9637777629848,-1,0.0
2025-08-22 00:00:00+05:30,976.0,976.0,959.5,962.5,97917,0.0,0.0,964.4552539605078,983.7291322617482,-1,0.0
2025-08-25 00:00:00+05:30,976.0999755859376,989.0,966.7000122070312,968.5999755859376,276781,0.0,0.0,965.2088397105858,982.2882601973852,-1,0.0
2025-08-26 00:00:00+05:30,970.0,972.9000244140624,941.0,944.2000122070312,163862,0.0,0.0,961.3890528917576,978.6608080078277,-1,0.0
2025-08-28 00:00:00+05:30,942.5,960.0,921.2999877929688,952.9000244140624,292163,0.0,0.0,959.8455931685402,976.2074000465167,-1,0.0
2025-08-29 00:00:00+05:30,949.4000244140624,951.4000244140624,920.0999755859376,923.0999755859376,185737,0.0,0.0,953.1645717898851,971.1495500978901,-1,0.0
2025-09-01 00:00:00+05:30,921.0,937.1500244140624,918.0,927.25,114250,0.0,0.0,948.4528314644515,966.9686405647578,-1,0.0
2025-09-02 00:00:00+05:30,931.2999877929688,934.0,920.0,925.8499755859376,238239,0.0,0.0,944.3432213047216,963.0525772334415,-1,0.0
2025-09-03 00:00:00+05:30,928.0,945.0,923.4500122070312,931.9000244140624,245704,0.0,0.0,942.0808218700563,960.0856674411197,-1,0.0
2025-09-04 00:00:00+05:30,945.0,947.9500122070312,925.0499877929688,928.4500122070312,96336,0.0,0.0,939.6024928404153,957.072747895016,-1,0.0
2025-09-05 00:00:00+05:30,932.0,934.4000244140624,909.0,910.3499755859376,477593,0.0,0.0,934.283853339601,952.6229600560562,-1,0.0
2025-09-08 00:00:00+05:30,923.2999877929688,926.5499877929688,906.2999877929688,909.0,350647,0.0,0.0,929.6867890960372,948.4683924316698,-1,0.0
2025-09-09 00:00:00+05:30,918.9500122070312,926.4000244140624,902.2999877929688,904.3499755859376,466392,0.0,0.0,925.0800957305644,944.266638446362,-1,0.0
2025-09-10 00:00:00+05:30,909.9500122070312,939.7999877929688,905.8499755859376,935.9000244140624,544953,0.0,0.0,927.0473554912003,943.4698180623334,-1,0.0
2025-09-11 00:00:00+05:30,941.5,948.7999877929688,932.2999877929688,934.25,179878,0.0,0.0,928.3569272200729,942.591740151635,-1,0.0
2025-09-12 00:00:00+05:30,939.0,948.0,927.0,945.5999755859376,163999,0.0,0.0,931.4920269229574,942.8782387644258,-1,0.0
2025-09-15 00:00:00+05:30,951.0,972.7000122070312,945.0,970.0499877929688,260474,0.0,0.0,938.5025652629595,945.4660243861917,-1,0.0
2025-09-16 00:00:00+05:30,972.0,978.0,943.6500244140624,952.5999755859376,542440,0.0,0.0,941.0657307762281,946.1454483099772,-1,0.0
2025-09-17 00:00:00+05:30,960.0,964.2999877929688,945.0499877929688,949.7999877929688,182987,0.0,0.0,942.6537775065445,946.4934996893097,-1,0.0
2025-09-18 00:00:00+05:30,953.0,964.0,948.0,953.25,393976,0.0,0.0,944.5803634144454,947.1369759093755,-1,0.0
2025-09-19 00:00:00+05:30,955.3499755859376,956.5499877929688,931.0499877929688,937.3499755859376,484950,0.0,0.0,943.2657474456257,946.2048806404766,-1,0.0
2025-09-22 00:00:00+05:30,945.0,945.0,920.7999877929688,924.5999755859376,301230,0.0,0.0,939.8719707438642,944.1472706352824,-1,0.0
2025-09-23 00:00:00+05:30,938.0,943.0999755859376,913.0,914.3499755859376,302517,0.0,0.0,935.2316079878775,941.3094330115352,-1,0.0
2025-09-24 00:00:00+05:30,916.5,923.4000244140624,908.2000122070312,914.9000244140624,499674,0.0,0.0,931.534956429002,938.7942512403473,-1,0.0
2025-09-25 00:00:00+05:30,919.0,933.9000244140624,912.7999877929688,920.4500122070312,278566,0.0,0.0,929.5195120250073,937.047180856222,-1,0.0
2025-09-26 00:00:00+05:30,919.5,923.4500122070312,900.0499877929688,905.0999755859376,560409,0.0,0.0,925.0795963088128,934.0045898780996,-1,0.0
2025-09-29 00:00:00+05:30,909.9000244140624,911.3499755859376,880.1500244140625,887.75,580713,0.0,0.0,918.2923969799377,929.5993908420901,-1,0.0
2025-09-30 00:00:00+05:30,892.8499755859375,905.7999877929688,886.0,896.0499877929688,654011,0.0,0.0,914.248322582307,926.4042095993167,-1,0.0
2025-10-01 00:00:00+05:30,896.0999755859375,898.4500122070312,892.2000122070312,895.4000244140625,248767,0.0,0.0,910.8213592789898,923.451430057864,-1,0.0
2025-10-03 00:00:00+05:30,896.1500244140625,905.5499877929688,890.4000244140625,896.75,305265,0.0,0.0,908.2629303191734,920.9084367190197,-1,0.0
2025-10-06 00:00:00+05:30,908.9500122070312,908.9500122070312,883.2000122070312,893.8499755859375,484380,0.0,0.0,905.6423930949486,918.3314404206309,-1,0.0
2025-10-07 00:00:00+05:30,912.1500244140624,932.0,893.8499755859375,926.4500122070312,1148432,0.0,0.0,909.4255965698726,919.1046377336213,-1,0.0
2025-10-08 00:00:00+05:30,931.9500122070312,931.9500122070312,903.7999877929688,912.2000122070312,438740,0.0,0.0,909.9300357766288,918.4470543501366,-1,0.0
2025-10-09 00:00:00+05:30,919.2999877929688,926.3499755859376,908.75,919.0999755859376,198579,0.0,0.0,911.5972975601394,918.5092373249747,-1,0.0
2025-10-10 00:00:00+05:30,919.0999755859376,959.4000244140624,912.0,942.6500244140624,549444,0.0,0.0,917.2432478972162,920.8083599048878,-1,0.0
2025-10-13 00:00:00+05:30,940.0,940.0,922.5999755859376,930.4500122070312,122677,0.0,0.0,919.6444777717279,921.7266125050919,-1,0.0
2025-10-14 00:00:00+05:30,930.5,934.5999755859376,908.4500122070312,914.9500122070312,221626,0.0,0.0,918.7909385781466,921.0812220005147,-1,0.0
2025-10-15 00:00:00+05:30,912.0499877929688,964.4500122070312,910.0,956.7999877929688,748668,0.0,0.0,925.7016747990233,924.4830092188437,1,2.0
2025-10-16 00:00:00+05:30,956.7999877929688,977.2999877929688,953.6500244140624,967.75,428800,0.0,0.0,933.3468248355645,928.6036750075252,1,0.0
2025-10-17 00:00:00+05:30,967.75,990.0,964.0,980.8499755859376,501280,0.0,0.0,941.9837613356323,933.5795131578502,1,0.0
2025-10-20 00:00:00+05:30,986.0,987.5,971.5499877929688,979.0999755859376,193393,0.0,0.0,948.7321639265969,937.9147952938586,1,0.0
2025-10-21 00:00:00+05:30,979.0999755859376,987.9500122070312,972.7000122070312,980.8499755859376,26176,0.0,0.0,954.571766046477,942.0038600835804,1,0.0
2025-10-23 00:00:00+05:30,980.8499755859376,1008.0,968.5,997.7999877929688,830521,0.0,0.0,962.4314427276573,947.3177770082841,1,0.0
2025-10-24 00:00:00+05:30,995.7999877929688,1015.0499877929688,995.2000122070312,1000.4000244140624,467221,0.0,0.0,969.3348212160945,952.3732291421677,1,0.0
2025-10-27 00:00:00+05:30,1006.0,1040.0,999.9500122070312,1035.8499755859375,557531,0.0,0.0,981.4284856469749,960.3233954701458,1,0.0
2025-10-28 00:00:00+05:30,1036.0,1041.050048828125,1007.2999877929688,1011.0499877929688,412378,0.0,0.0,986.8142133098828,965.1544995008908,1,0.0
2025-10-29 00:00:00+05:30,1016.0999755859376,1038.0999755859375,1015.75,1034.5,172573,0.0,0.0,995.4843563444496,971.7588328817583,1,0.0
2025-10-30 00:00:00+05:30,1038.0,1042.0,1015.9500122070312,1038.9000244140625,345831,0.0,0.0,1003.3781141752881,978.153232075311,1,0.0
2025-10-31 00:00:00+05:30,1044.4000244140625,1069.3499755859375,1030.6500244140625,1037.699951171875,617988,0.0,0.0,1009.6184481746675,983.8243481797458,1,0.0
2025-11-03 00:00:00+05:30,1038.9000244140625,1060.0,1026.300048828125,1041.4000244140625,392667,0.0,0.0,1015.3969165818302,989.3077459163474,1,0.0
2025-11-04 00:00:00+05:30,1026.199951171875,1034.199951171875,1013.2000122070312,1018.0,285004,0.0,0.0,1015.8702044760429,992.0403415433619,1,0.0
2025-11-05 00:00:00+05:30,1018.0,1018.0,1018.0,1018.0,0,0.0,0.0,1016.2574400258533,994.5126899678037,1,0.0
2025-11-06 00:00:00+05:30,1015.5999755859376,1020.9000244140624,981.5,993.0,266984,0.0,0.0,1012.0288145666073,994.3686242565843,1,0.0
2025-11-07 00:00:00+05:30,984.0,989.9000244140624,972.0,980.0,270289,0.0,0.0,1006.205393736315,993.0001838511954,1,0.0
2025-11-10 00:00:00+05:30,982.5999755859376,993.9000244140624,975.0999755859376,978.4000244140624,274264,0.0,0.0,1001.1498720413599,991.6096924762303,1,0.0
2025-11-11 00:00:00+05:30,978.4000244140624,982.7000122070312,957.5,968.4000244140624,173393,0.0,0.0,995.1953542909422,989.399247898881,1,0.0
2025-11-12 00:00:00+05:30,970.0,978.7000122070312,952.9000244140624,958.9000244140624,337132,0.0,0.0,988.5962034042367,986.4945599479458,1,0.0
2025-11-13 00:00:00+05:30,958.7000122070312,965.7999877929688,942.0999755859376,950.7000122070312,233482,0.0,0.0,981.7059868229267,983.0855554011921,-1,-2.0
2025-11-14 00:00:00+05:30,946.5999755859376,953.9000244140624,939.2000122070312,944.2000122070312,525552,0.0,0.0,974.8867187109456,979.3821703350816,-1,0.0
2025-11-17 00:00:00+05:30,944.2000122070312,961.4000244140624,940.2000122070312,945.4000244140624,180669,0.0,0.0,969.5255015660576,976.1457754854607,-1,0.0
2025-11-18 00:00:00+05:30,949.2999877929688,950.4000244140624,925.0,926.0,120760,0.0,0.0,961.6117740085925,971.3699873439882,-1,0.0
2025-11-19 00:00:00+05:30,925.2999877929688,930.5999755859376,919.0999755859376,925.2000122070312,82411,0.0,0.0,954.9914536810359,966.9728468547542,-1,0.0
2025-11-20 00:00:00+05:30,934.0,934.0,913.5999755859376,923.2999877929688,126292,0.0,0.0,949.2293689741145,962.8135269441079,-1,0.0
2025-11-21 00:00:00+05:30,923.2999877929688,923.4000244140624,897.5999755859375,898.7000122070312,165327,0.0,0.0,940.0422131982812,956.7074779215292,-1,0.0
2025-11-24 00:00:00+05:30,899.9000244140625,900.5,850.7000122070312,869.7000122070312,584271,0.0,0.0,927.252722108963,948.4210526153865,-1,0.0
2025-11-25 00:00:00+05:30,865.0,908.9000244140624,865.0,899.2000122070312,1073988,0.0,0.0,922.1522293995208,943.7333344812574,-1,0.0
2025-11-26 00:00:00+05:30,902.7000122070312,914.9000244140624,891.0,911.5999755859376,175196,0.0,0.0,920.2336377970511,940.6730145864651,-1,0.0
2025-11-27 00:00:00+05:30,924.7000122070312,928.5,894.0,898.5,329056,0.0,0.0,916.2820672884963,936.6565370068017,-1,0.0
2025-11-28 00:00:00+05:30,898.5999755859375,901.5999755859376,888.5999755859375,895.0999755859375,119425,0.0,0.0,912.430777888031,932.6987692524336,-1,0.0
2025-12-01 00:00:00+05:30,903.9500122070312,907.7999877929688,888.0,898.7999877929688,288963,0.0,0.0,909.9524524162015,929.4703138753417,-1,0.0
2025-12-02 00:00:00+05:30,903.5,905.9000244140624,884.1500244140625,889.8499755859375,119668,0.0,0.0,906.2974566288807,925.6969483239699,-1,0.0
2025-12-03 00:00:00+05:30,889.8499755859375,892.4000244140625,878.5499877929688,885.5999755859375,85576,0.0,0.0,902.5342782574364,921.8781890155859,-1,0.0
2025-12-04 00:00:00+05:30,881.25,896.5,876.0999755859375,891.5499877929688,107023,0.0,0.0,900.5371345366241,918.9897888991462,-1,0.0
2025-12-05 00:00:00+05:30,895.0,908.7999877929688,876.0999755859375,883.1500244140625,295866,0.0,0.0,897.3758417870674,915.5764779958049,-1,0.0
2025-12-08 00:00:00+05:30,883.1500244140625,886.25,846.5499877929688,860.6500244140625,600605,0.0,0.0,890.698420446521,910.3453871784961,-1,0.0
2025-12-09 00:00:00+05:30,860.0,861.25,838.5,855.9500122070312,1040075,0.0,0.0,884.380528039341,905.1648752764519,-1,0.0
2025-12-10 00:00:00+05:30,860.5,885.75,856.6500244140625,875.5499877929688,321748,0.0,0.0,882.7749752672732,902.3444098018344,-1,0.0
2025-12-11 00:00:00+05:30,874.5499877929688,882.6500244140625,865.0,871.4000244140625,131602,0.0,0.0,880.7068023848713,899.3973254791895,-1,0.0
2025-12-12 00:00:00+05:30,879.4500122070312,887.9000244140625,870.9000244140625,886.0499877929688,128353,0.0,0.0,881.6782906408889,898.1261504614542,-1,0.0
2025-12-15 00:00:00+05:30,886.0499877929688,889.4000244140625,866.6500244140625,884.4000244140625,239323,0.0,0.0,882.1731513269204,896.8189003617026,-1,0.0
2025-12-16 00:00:00+05:30,878.0,878.0,856.5,858.6500244140625,267451,0.0,0.0,877.8962191609462,893.1837693190703,-1,0.0
2025-12-17 00:00:00+05:30,861.0,862.4500122070312,851.9000244140625,860.0,103462,0.0,0.0,874.6423611316832,890.0234103363017,-1,0.0
2025-12-18 00:00:00+05:30,858.0,880.5999755859375,843.0999755859375,876.1500244140625,197667,0.0,0.0,874.9164817284794,888.7021354865647,-1,0.0
2025-12-19 00:00:00+05:30,874.5,874.5,859.0499877929688,866.9500122070312,130800,0.0,0.0,873.4680327245798,886.6305046980376,-1,0.0
2025-12-22 00:00:00+05:30,870.0,878.0999755859375,862.5999755859375,873.75,129853,0.0,0.0,873.5192995019288,885.4037899648911,-1,0.0
2025-12-23 00:00:00+05:30,874.9500122070312,881.4500122070312,867.0,879.4500122070312,160066,0.0,0.0,874.5976109028564,884.8367635117615,-1,0.0
2025-12-24 00:00:00+05:30,875.9500122070312,885.5999755859375,871.5,879.5,92480,0.0,0.0,875.4889543750643,884.3285003201652,-1,0.0
2025-12-25 00:00:00+05:30,879.5,879.5,879.5,879.5,0,0.0,0.0,876.2182353977798,883.8686431468161,-1,0.0
2025-12-26 00:00:00+05:30,878.75,884.0,870.0499877929688,880.0499877929688,80841,0.0,0.0,876.9149176514504,883.504961684545,-1,0.0
2025-12-29 00:00:00+05:30,888.0,888.0,870.0499877929688,878.7999877929688,91728,0.0,0.0,877.257657677181,883.0568689329663,-1,0.0
2025-12-30 00:00:00+05:30,878.0,878.0,863.7999877929688,870.2000122070312,94023,0.0,0.0,875.9744494098809,881.8324063876391,-1,0.0
2025-12-31 00:00:00+05:30,874.5999755859375,888.3499755859375,870.9500122070312,885.0,105722,0.0,0.0,877.6154586080843,882.1340819697687,-1,0.0
2026-01-01 00:00:00+05:30,885.9500122070312,900.0,875.7999877929688,896.6500244140625,80473,0.0,0.0,881.0762887546257,883.516552678749,-1,0.0
2026-01-02 00:00:00+05:30,897.9500122070312,900.0,881.2000122070312,890.4500122070312,182439,0.0,0.0,882.7806021096085,884.176882157633,-1,0.0
2026-01-05 00:00:00+05:30,891.0,905.0,883.3499755859375,902.5999755859376,266012,0.0,0.0,886.3841245598501,885.9314624841383,1,2.0
2026-01-06 00:00:00+05:30,902.0499877929688,903.5,886.5999755859375,891.4000244140625,356805,0.0,0.0,887.296106351525,886.4522779060359,1,0.0
2026-01-07 00:00:00+05:30,891.25,904.4000244140624,881.0999755859375,886.9000244140625,404490,0.0,0.0,887.2240914538045,886.4949204306098,1,0.0
2026-01-08 00:00:00+05:30,882.0,895.75,865.0499877929688,868.7000122070312,240045,0.0,0.0,883.8560770453001,884.8001672664594,-1,-2.0
2026-01-09 00:00:00+05:30,865.0,868.9500122070312,845.6500244140625,858.8499755859375,305465,0.0,0.0,879.3095131435978,882.3287204397429,-1,0.0
2026-01-12 00:00:00+05:30,855.0499877929688,879.75,838.5,872.25,339617,0.0,0.0,878.0259652993072,881.3688423026246,-1,0.0
2026-01-13 00:00:00+05:30,870.0,873.1500244140625,848.0,855.9500122070312,400819,0.0,0.0,874.0121556461661,878.9480013411395,-1,0.0
2026-01-14 00:00:00+05:30,851.0,860.0,839.0999755859375,842.4000244140625,447398,0.0,0.0,868.2644954221471,875.4672416337988,-1,0.0
2026-01-15 00:00:00+05:30,842.4000244140625,842.4000244140625,842.4000244140625,842.4000244140625,0,0.0,0.0,863.561864329768,872.3179828509667,-1,0.0
2026-01-16 00:00:00+05:30,844.0999755859375,846.4000244140625,828.5999755859375,837.2999877929688,378627,0.0,0.0,858.7869776867135,868.9829357025859,-1,0.0
2026-01-19 00:00:00+05:30,829.75,831.7999877929688,799.4000244140625,807.0,1127333,0.0,0.0,849.3711635618565,863.0797989690063,-1,0.0
2026-01-20 00:00:00+05:30,807.0,811.9500122070312,782.5,792.0499877929688,440242,0.0,0.0,838.9491316038768,856.315055047479,-1,0.0
2026-01-21 00:00:00+05:30,780.0,793.5,767.0,770.5999755859375,889124,0.0,0.0,826.5220123278879,848.1517141463798,-1,0.0
