Date,Open,High,Low,Close,Volume,MA_Fast,MA_Slow,Signal,Crossover
2025-12-29 05:30:00,473.0,479.45,468.95,476.2,622367,464.0099707875149,462.40204859556025,1,0.0
2025-12-30 05:30:00,476.2,486.9,471.0,483.8,1458174,467.6081579170576,464.4399487293164,1,0.0
2025-12-31 05:30:00,484.9,486.9,479.3,482.95,615029,470.3975837503198,466.20281075509575,1,0.0
2026-01-01 05:30:00,485.85,490.0,481.0,483.2,740840,472.7252957957162,467.8215906831819,1,0.0
2026-01-02 05:30:00,484.7,489.0,478.3,480.55,704071,474.1479692874041,469.03382014192647,1,0.0
2026-01-05 05:30:00,484.0,497.4,476.4,485.1,2435095,476.1392475987852,470.563932509362,1,0.0
2026-01-06 05:30:00,485.9,490.5,477.5,479.25,755474,476.70483894446056,471.3911770322799,1,0.0
2026-01-07 05:30:00,478.0,481.95,466.65,470.4,844875,475.5585045909222,471.2967792196818,1,0.0
2026-01-08 05:30:00,471.0,471.0,456.3,460.5,612870,472.8205946653,470.268514532093,1,0.0
2026-01-09 05:30:00,460.55,467.55,457.5,462.4,1202762,470.92594108979085,469.51913219570326,1,0.0
2026-01-12 05:30:00,459.0,460.1,446.35,450.5,661597,467.2121336189198,467.707786272303,-1,-2.0
2026-01-13 05:30:00,453.5,463.35,449.3,461.15,569642,466.1099275063889,467.0832351987504,-1,0.0
2026-01-14 05:30:00,459.0,474.0,456.35,471.25,715687,467.0444861415909,467.48006994172647,-1,0.0
2026-01-16 05:30:00,474.6,482.0,460.3,463.95,1375896,466.4818522976653,467.1438728044192,-1,0.0
2026-01-19 05:30:00,476.5,492.6,462.1,473.0,5874846,467.6669700617261,467.7015992039983,-1,0.0
2026-01-20 05:30:00,473.7,474.0,443.0,448.0,1445050,464.0911573232304,465.8252564226651,-1,0.0
2026-01-21 05:30:00,448.0,448.2,430.7,439.6,1202626,459.6382196280976,463.3276129538399,-1,0.0
2026-01-22 05:30:00,444.0,449.0,437.0,447.7,1168503,457.4676342411708,461.839268862998,-1,0.0
2026-01-23 05:30:00,448.65,448.65,410.5,414.4,2494967,449.6371552882306,457.3212432569982,-1,0.0
2026-01-27 05:30:00,416.0,416.0,393.05,404.4,2164966,441.41221796309776,452.2811248515698,-1,0.0
2026-01-28 05:30:00,409.15,411.75,393.85,406.3,1380940,435.0281783334436,447.90197010380126,-1,0.0
2026-01-29 05:30:00,406.3,407.0,396.9,399.9,1029766,428.641236818272,443.3303539034392,-1,0.0
2026-01-30 05:30:00,394.85,401.95,390.25,399.0,847134,423.2519210331316,439.108415436445,-1,0.0
2026-02-01 05:30:00,400.7,402.0,373.05,389.9,937330,417.187935390744,434.421899680593,-1,0.0
2026-02-02 05:30:00,386.3,396.0,373.8,394.25,1513670,413.017401683336,430.5960044729175,-1,0.0
